,,days,total_ret,ann_ret,ann_vol,sharpe,max_dd,hit,skew
Train,Baseline A,830.0,0.16558130999999765,0.0476188105577382,0.09425958315791672,0.5051880027727321,-0.12459391446245549,0.5932539682539683,-0.8533977296641932
Train,Band+VWAP,830.0,0.354632559999998,0.09653605529990372,0.06763585906246536,1.4272910352295145,-0.044779892392302845,0.49206349206349204,0.9249266071843651
Train,Band+VWAP Dyn,830.0,0.9031535799999972,0.2157724484160859,0.1390308578113127,1.551975236381868,-0.10348304735404412,0.49206349206349204,0.6556928781671134
Train,Switch VIX,830.0,0.17571150999999996,0.05037488773331411,0.08962576180301311,0.562058126144938,-0.10979712844395573,0.5436507936507936,-0.8409359670301594
Train,Switch VIX Dyn,830.0,0.48025192999999855,0.12646152256505827,0.17384305660628946,0.7274464970520026,-0.26170601989126485,0.5436507936507936,-0.5764939117028627
Train,SPY buy&hold,830.0,0.4110662550463098,0.11020902800055432,0.1789317262963518,0.6159278194076271,-0.2537519623233905,0.5283474065138721,-0.09659761747359466
Test,Baseline A,660.0,0.0803279524102829,0.029940516876666434,0.08628977071078643,0.34697643335983275,-0.08116089140913574,0.5325,5.67523195219699
Test,Band+VWAP,660.0,-0.0018563041183672357,-0.0007091777400852761,0.05842132666102096,-0.012139021494670088,-0.10812430715400745,0.4225,2.4014875924161543
Test,Band+VWAP Dyn,660.0,0.0016089242781931468,0.0006140113054393659,0.14831899400713822,0.0041398022522308574,-0.2435047985658927,0.4225,2.8443274289372926
Test,Switch VIX,660.0,0.059151355930839644,0.02218482272077482,0.08117758160660757,0.2732875540476689,-0.11806346040782423,0.4475,7.017611602424053
Test,Switch VIX Dyn,660.0,0.09213772820413713,0.03422495126302749,0.16539814857982524,0.20692463341879358,-0.2420553743635786,0.4475,2.4059692008219087
Test,SPY buy&hold,660.0,0.6190886906765405,0.2019968650779771,0.15447935034733018,1.3075978415484588,-0.1898065063464618,0.553030303030303,0.5747612679194077
Full,Baseline A,1490.0,0.2592100699999955,0.03975102696240462,0.09078748223560194,0.43784700251128256,-0.12459391446245549,0.5663716814159292,1.623396028976244
Full,Band+VWAP,1490.0,0.35211794999999557,0.052345068689764185,0.06376531654697422,0.8209018871756555,-0.10812430715400778,0.461283185840708,1.4494256255812528
Full,Band+VWAP Dyn,1490.0,0.9062156099999861,0.11528227040585382,0.1432988520042032,0.804488443511553,-0.24350479856589358,0.461283185840708,1.718320810334419
Full,Switch VIX,1490.0,0.24525643999999747,0.0377933504912491,0.08596231811781821,0.4396502016086898,-0.11806346040782378,0.5011061946902655,2.0840397993671647
Full,Switch VIX Dyn,1490.0,0.6166389799999921,0.08463148340180005,0.17011945794879818,0.49748267730356904,-0.26170601989126485,0.5011061946902655,0.6371944161072153
Full,SPY buy&hold,1490.0,1.284641415340786,0.14996866067026993,0.16850048727442868,0.890019151256359,-0.2537519623233905,0.539288112827401,0.125353610926826
