d,pos,entry_time,entry_px,exit_time,exit_px,reason,date,pnl_per_share
19,1,12:00,345.99,16:00,347.61,close,2020-08-26,1.6200000000000045
20,1,10:00,349.34,16:00,348.32,close,2020-08-27,-1.0199999999999818
22,-1,11:30,349.5,16:00,349.34,close,2020-08-31,0.160000000000025
23,1,10:30,351.385,16:00,352.59,close,2020-09-01,1.204999999999984
24,1,13:00,355.58,16:00,357.71,close,2020-09-02,2.1299999999999955
25,-1,10:30,352.58,16:00,345.42,close,2020-09-03,7.159999999999968
26,-1,10:00,343.47,16:00,342.61,close,2020-09-04,0.8600000000000136
27,-1,15:00,334.32,16:00,333.26,close,2020-09-08,1.0600000000000023
28,1,10:00,338.2,16:00,339.9,close,2020-09-09,1.6999999999999886
29,-1,14:00,337.71,16:00,334.0,close,2020-09-10,3.7099999999999795
30,-1,13:30,331.67,16:00,334.02,close,2020-09-11,-2.349999999999966
31,1,10:00,339.06,16:00,338.42,close,2020-09-14,-0.6399999999999864
35,-1,10:00,333.94,16:00,330.55,close,2020-09-18,3.3899999999999864
36,-1,10:30,322.62,16:00,327.0,close,2020-09-21,-4.3799999999999955
38,-1,12:00,327.36,16:00,322.67,close,2020-09-23,4.689999999999998
39,1,13:30,326.36,16:00,323.53,close,2020-09-24,-2.830000000000041
40,1,13:30,326.3,16:00,328.73,close,2020-09-25,2.430000000000007
42,-1,12:00,332.25,16:00,332.45,close,2020-09-29,-0.19999999999998863
43,1,10:00,335.09,16:00,334.9,close,2020-09-30,-0.18999999999999773
47,1,11:30,351.75,16:00,352.37,close,2020-10-12,0.6200000000000045
49,-1,12:00,348.17,16:00,347.88,close,2020-10-14,0.29000000000002046
51,1,10:30,350.65,16:00,347.32,close,2020-10-16,-3.329999999999984
52,-1,15:00,342.14,16:00,341.96,close,2020-10-19,0.18000000000000682
53,1,10:00,344.7,16:00,343.38,close,2020-10-20,-1.3199999999999932
54,1,10:00,345.43,16:00,342.72,close,2020-10-21,-2.7099999999999795
57,-1,11:00,339.56,16:00,339.45,close,2020-10-26,0.11000000000001364
59,-1,10:30,328.78,16:00,326.7,close,2020-10-28,2.079999999999984
60,1,10:00,327.83,16:00,329.95,close,2020-10-29,2.1200000000000045
61,-1,10:30,325.16,16:00,326.78,close,2020-10-30,-1.6199999999999477
62,1,10:30,331.56,16:00,330.22,close,2020-11-02,-1.339999999999975
63,1,10:00,335.35,16:00,335.97,close,2020-11-03,0.6200000000000045
64,1,10:00,342.535,16:00,343.46,close,2020-11-04,0.9249999999999545
65,1,11:00,351.715,16:00,350.33,close,2020-11-05,-1.384999999999991
66,-1,10:00,348.495,16:00,350.16,close,2020-11-06,-1.6650000000000205
70,-1,13:00,353.19,16:00,353.22,close,2020-11-12,-0.03000000000002956
73,-1,10:00,358.405,16:00,360.67,close,2020-11-17,-2.265000000000043
78,1,11:30,362.4,16:00,363.2,close,2020-11-24,0.8000000000000114
79,-1,10:00,362.04,16:00,362.63,close,2020-11-25,-0.589999999999975
80,-1,10:30,361.1,16:00,362.32,close,2020-11-30,-1.2199999999999704
81,1,10:30,366.99,16:00,365.96,close,2020-12-01,-1.0300000000000296
83,1,13:00,369.98,16:00,370.12,close,2020-12-08,0.13999999999998636
84,-1,13:00,368.505,16:00,367.0,close,2020-12-09,1.5049999999999955
86,-1,12:30,363.615,16:00,366.23,close,2020-12-11,-2.615000000000009
87,1,10:00,369.55,16:00,364.68,close,2020-12-14,-4.8700000000000045
88,1,14:00,369.095,16:00,369.57,close,2020-12-15,0.4749999999999659
91,-1,10:00,369.63,16:00,369.11,close,2020-12-18,0.5199999999999818
92,-1,10:30,362.35,16:00,367.86,close,2020-12-21,-5.509999999999991
97,-1,10:30,372.5,16:00,368.86,close,2021-01-04,3.6399999999999864
98,1,10:00,370.16,16:00,371.36,close,2021-01-05,1.1999999999999886
99,1,10:00,372.27,16:00,373.64,close,2021-01-06,1.3700000000000045
100,1,10:00,378.09,16:00,378.96,close,2021-01-07,0.8700000000000045
105,-1,10:30,374.54,16:00,375.66,close,2021-01-15,-1.1200000000000045
107,1,11:00,382.785,16:00,383.84,close,2021-01-20,1.05499999999995
110,-1,11:30,380.615,16:00,384.41,close,2021-01-25,-3.795000000000016
112,-1,10:00,377.57,16:00,374.4,close,2021-01-27,3.170000000000016
113,1,10:00,377.6,16:00,377.49,close,2021-01-28,-0.11000000000001364
114,-1,11:30,372.655,16:00,370.01,close,2021-01-29,2.644999999999982
115,1,12:30,376.2,16:00,376.19,close,2021-02-01,-0.009999999999990905
116,1,10:00,380.995,16:00,381.39,close,2021-02-02,0.3949999999999818
118,1,10:00,383.925,16:00,386.16,close,2021-02-04,2.2350000000000136
127,-1,10:30,388.485,16:00,390.75,close,2021-02-18,-2.2649999999999864
130,-1,10:00,382.14,15:30,388.875,reverse,2021-02-23,-6.735000000000014
130,1,15:30,388.875,16:00,387.36,close,2021-02-23,-1.5149999999999864
131,1,11:00,388.37,16:00,391.76,close,2021-02-24,3.3899999999999864
132,-1,10:30,389.36,16:00,382.32,close,2021-02-25,7.0400000000000205
133,-1,10:30,378.53,16:00,380.31,close,2021-02-26,-1.7800000000000296
134,1,10:00,386.95,16:00,389.5,close,2021-03-01,2.5500000000000114
135,-1,10:30,387.53,16:00,386.5,close,2021-03-02,1.0299999999999727
136,-1,10:00,384.61,16:00,381.43,close,2021-03-03,3.180000000000007
137,-1,13:00,376.98,16:00,376.74,close,2021-03-04,0.2400000000000091
138,-1,11:00,375.29,15:00,383.31,reverse,2021-03-05,-8.019999999999982
138,1,15:00,383.31,16:00,383.61,close,2021-03-05,0.30000000000001137
139,1,10:30,386.87,16:00,381.59,close,2021-03-08,-5.28000000000003
140,1,10:00,387.375,16:00,386.97,close,2021-03-09,-0.4049999999999727
142,1,11:00,394.07,16:00,393.55,close,2021-03-11,-0.5199999999999818
148,-1,10:00,388.52,16:00,389.48,close,2021-03-19,-0.9600000000000364
149,1,10:00,391.395,16:00,392.58,close,2021-03-22,1.1850000000000023
150,-1,15:30,389.36,16:00,389.6,close,2021-03-23,-0.2400000000000091
152,1,15:30,389.43,16:00,389.62,close,2021-03-25,0.18999999999999773
153,1,10:30,392.12,11:00,391.53,stop,2021-03-26,-0.5900000000000318
153,1,13:00,392.495,14:00,391.99,stop,2021-03-26,-0.5049999999999955
153,1,15:30,392.91,16:00,395.88,close,2021-03-26,2.9699999999999704
154,-1,10:30,393.1,11:30,394.0,stop,2021-03-29,-0.8999999999999773
156,1,10:00,396.16,10:30,396.095,stop,2021-03-31,-0.06499999999999773
156,1,11:00,396.845,16:00,396.11,close,2021-03-31,-0.7350000000000136
157,1,10:30,399.225,12:00,399.17,stop,2021-04-01,-0.05500000000000682
157,1,12:30,399.74,13:30,399.39,stop,2021-04-01,-0.35000000000002274
157,1,14:00,399.645,15:00,399.92,stop,2021-04-01,0.2750000000000341
158,1,10:00,404.62,16:00,406.31,close,2021-04-05,1.6899999999999977
162,1,14:00,409.82,15:00,409.705,stop,2021-04-09,-0.1150000000000091
162,1,15:30,410.61,16:00,411.44,close,2021-04-09,0.8299999999999841
164,1,10:00,413.805,10:30,413.33,stop,2021-04-14,-0.47500000000002274
165,1,10:30,414.585,15:30,414.98,stop,2021-04-15,0.39500000000003865
167,-1,11:00,415.33,11:30,415.54,stop,2021-04-19,-0.21000000000003638
167,-1,12:00,414.83,15:00,415.08,stop,2021-04-19,-0.25
167,-1,15:30,414.32,16:00,415.32,close,2021-04-19,-1.0
168,-1,11:00,412.24,16:00,412.19,close,2021-04-20,0.05000000000001137
169,1,10:00,413.47,16:00,416.07,close,2021-04-21,2.599999999999966
170,-1,14:00,411.58,16:00,412.34,close,2021-04-22,-0.7599999999999909
171,1,10:00,414.23,16:00,416.73,close,2021-04-23,2.5
178,-1,10:00,413.79,14:30,413.71,stop,2021-05-04,0.08000000000004093
180,-1,10:00,414.61,11:00,415.14,stop,2021-05-06,-0.5299999999999727
180,1,12:30,417.54,13:00,416.955,stop,2021-05-06,-0.5850000000000364
181,1,10:00,420.99,13:30,421.5,stop,2021-05-07,0.5099999999999909
181,1,14:00,421.68,16:00,422.06,close,2021-05-07,0.37999999999999545
182,-1,14:30,419.67,16:00,417.96,close,2021-05-10,1.7100000000000364
183,-1,10:30,411.82,11:30,413.87,stop,2021-05-11,-2.0500000000000114
184,-1,11:00,409.32,16:00,405.48,close,2021-05-12,3.839999999999975
185,1,10:00,410.16,16:00,410.28,close,2021-05-13,0.1199999999999477
186,1,10:00,414.89,16:00,416.39,close,2021-05-14,1.5
190,1,10:00,413.135,16:00,415.12,close,2021-05-20,1.9850000000000136
191,1,10:00,418.18,16:00,414.99,close,2021-05-21,-3.1899999999999977
192,1,10:30,419.045,16:00,419.12,close,2021-05-24,0.07499999999998863
200,1,11:00,421.755,11:30,421.89,stop,2021-06-04,0.1349999999999909
200,1,15:00,422.49,15:30,422.47,stop,2021-06-04,-0.01999999999998181
201,-1,10:30,421.63,11:30,421.46,stop,2021-06-07,0.17000000000001592
202,-1,11:30,420.93,12:00,422.05,stop,2021-06-08,-1.1200000000000045
204,1,10:00,424.365,10:30,423.87,stop,2021-06-10,-0.49500000000000455
206,-1,10:30,423.515,11:00,423.79,stop,2021-06-14,-0.2750000000000341
206,-1,12:00,423.4,13:30,423.4,stop,2021-06-14,-0.0
206,-1,14:30,423.185,15:00,423.52,stop,2021-06-14,-0.33499999999997954
207,-1,10:30,424.32,12:30,424.43,stop,2021-06-15,-0.11000000000001364
207,-1,13:00,424.21,14:00,424.71,stop,2021-06-15,-0.5
208,-1,12:30,423.54,15:30,423.04,stop,2021-06-16,0.5
209,-1,12:30,419.44,13:00,421.24,stop,2021-06-17,-1.8000000000000114
210,-1,11:30,415.67,12:00,416.73,stop,2021-06-18,-1.0600000000000023
210,-1,15:00,415.78,15:30,416.62,stop,2021-06-18,-0.8400000000000318
211,1,10:00,417.89,16:00,420.76,close,2021-06-21,2.8700000000000045
212,1,11:00,421.88,16:00,423.02,close,2021-06-22,1.1399999999999864
219,1,10:00,429.29,10:30,429.39,stop,2021-07-01,0.0999999999999659
219,1,14:00,429.9,16:00,430.47,close,2021-07-01,0.57000000000005
220,1,13:00,433.29,16:00,433.82,close,2021-07-02,0.5299999999999727
221,-1,10:00,432.98,14:00,431.72,stop,2021-07-06,1.259999999999991
224,1,10:00,433.59,16:00,435.59,close,2021-07-09,2.0
225,1,10:30,436.45,11:30,436.39,stop,2021-07-12,-0.060000000000002274
225,1,14:30,436.97,15:00,436.87,stop,2021-07-12,-0.10000000000002274
225,1,15:30,437.18,16:00,437.12,close,2021-07-12,-0.060000000000002274
228,-1,14:00,432.77,14:30,433.95,stop,2021-07-15,-1.1800000000000068
229,-1,10:30,433.18,12:00,433.655,stop,2021-07-16,-0.4749999999999659
229,-1,14:00,433.16,16:00,431.37,close,2021-07-16,1.7900000000000205
230,-1,10:00,424.15,12:00,424.89,stop,2021-07-19,-0.7400000000000091
230,-1,12:30,423.37,16:00,424.6,close,2021-07-19,-1.2300000000000182
231,1,10:00,428.22,16:00,431.05,close,2021-07-20,2.829999999999984
232,1,10:00,433.62,10:30,433.03,stop,2021-07-21,-0.5900000000000318
234,1,11:30,439.27,12:00,438.81,stop,2021-07-23,-0.45999999999997954
234,1,13:30,439.85,15:30,439.61,stop,2021-07-23,-0.2400000000000091
236,-1,11:00,438.675,15:00,438.03,stop,2021-07-27,0.6450000000000387
238,1,10:30,440.87,11:30,441.18,stop,2021-07-29,0.3100000000000023
238,1,12:30,441.605,13:00,441.38,stop,2021-07-29,-0.22500000000002274
241,-1,10:00,436.43,10:30,437.785,stop,2021-08-03,-1.3550000000000182
241,1,14:30,440.47,16:00,441.24,close,2021-08-03,0.7699999999999818
245,-1,10:30,441.785,11:00,441.83,stop,2021-08-09,-0.04499999999995907
246,1,10:30,443.06,11:00,442.185,stop,2021-08-10,-0.875
248,1,15:00,444.85,16:00,445.08,close,2021-08-12,0.22999999999996135
250,-1,10:00,443.355,11:30,443.74,stop,2021-08-16,-0.3849999999999909
251,-1,12:00,443.06,15:00,443.095,stop,2021-08-17,-0.03500000000002501
252,-1,15:30,441.52,16:00,439.295,close,2021-08-18,2.224999999999966
253,1,12:00,440.97,16:00,439.96,close,2021-08-19,-1.0100000000000477
254,1,10:00,441.82,16:00,443.37,close,2021-08-20,1.5500000000000114
255,1,10:00,446.37,16:00,447.29,close,2021-08-23,0.9200000000000159
257,1,12:30,449.32,13:00,449.22,stop,2021-08-25,-0.0999999999999659
257,1,14:30,449.17,15:00,449.07,stop,2021-08-25,-0.10000000000002274
258,-1,10:30,447.55,12:30,447.98,stop,2021-08-26,-0.4300000000000068
258,-1,13:30,447.415,16:00,446.32,close,2021-08-26,1.0950000000000273
259,1,10:30,449.4,16:00,450.16,close,2021-08-27,0.7600000000000477
260,1,10:30,452.14,16:00,452.22,close,2021-08-30,0.08000000000004093
261,-1,10:00,451.15,10:30,451.635,stop,2021-08-31,-0.48500000000001364
265,-1,10:30,451.0,11:00,451.665,stop,2021-09-07,-0.6650000000000205
265,-1,11:30,451.09,12:30,451.81,stop,2021-09-07,-0.7200000000000273
266,-1,11:00,449.775,11:30,450.0,stop,2021-09-08,-0.22500000000002274
266,-1,12:00,449.17,12:30,450.74,stop,2021-09-08,-1.5699999999999932
267,1,10:00,451.77,11:00,451.87,stop,2021-09-09,0.10000000000002274
267,-1,14:30,449.34,15:00,449.87,stop,2021-09-09,-0.5300000000000296
268,-1,11:30,447.49,12:00,447.8,stop,2021-09-10,-0.3100000000000023
268,-1,15:30,446.85,16:00,445.53,close,2021-09-10,1.32000000000005
270,-1,11:00,445.095,11:30,445.685,stop,2021-09-14,-0.589999999999975
270,-1,13:00,444.875,16:00,444.2,close,2021-09-14,0.6750000000000114
271,1,12:30,446.03,16:00,447.885,close,2021-09-15,1.8550000000000182
272,-1,10:00,446.105,12:30,445.67,stop,2021-09-16,0.4350000000000023
273,-1,10:00,443.485,16:00,441.39,close,2021-09-17,2.0950000000000273
274,-1,12:00,432.895,16:00,434.01,close,2021-09-20,-1.115000000000009
276,1,10:30,437.56,16:00,437.85,close,2021-09-22,0.29000000000002046
277,1,10:00,442.34,16:00,443.1,close,2021-09-23,0.7600000000000477
280,-1,10:00,437.76,15:00,435.76,stop,2021-09-28,2.0
280,-1,15:30,434.7,16:00,433.63,close,2021-09-28,1.0699999999999932
282,-1,12:30,430.36,16:00,429.06,close,2021-09-30,1.3000000000000114
283,1,14:30,434.04,16:00,434.24,close,2021-10-01,0.19999999999998863
284,-1,10:30,429.89,16:00,428.51,close,2021-10-04,1.3799999999999955
285,1,10:00,431.32,16:00,432.99,close,2021-10-05,1.670000000000016
287,1,10:00,440.72,16:00,438.53,close,2021-10-07,-2.1900000000000546
289,1,10:00,439.47,11:00,439.64,stop,2021-10-11,0.16999999999995907
292,1,11:30,441.16,16:00,442.5,close,2021-10-14,1.339999999999975
302,1,10:00,456.78,13:00,456.74,stop,2021-10-28,-0.03999999999996362
302,1,13:30,457.16,16:00,458.17,close,2021-10-28,1.009999999999991
305,1,10:00,461.25,10:30,461.23,stop,2021-11-02,-0.01999999999998181
305,1,11:00,461.62,12:00,461.35,stop,2021-11-02,-0.2699999999999818
305,1,12:30,461.73,14:30,461.49,stop,2021-11-02,-0.2400000000000091
305,1,15:00,461.92,16:00,461.87,close,2021-11-02,-0.05000000000001137
306,1,15:00,463.96,16:00,464.735,close,2021-11-03,0.7750000000000341
307,1,10:00,466.4,11:30,465.325,stop,2021-11-04,-1.0749999999999886
308,1,10:00,470.24,10:30,470.0,stop,2021-11-05,-0.2400000000000091
310,-1,10:00,466.9,15:00,467.03,stop,2021-11-09,-0.12999999999999545
310,-1,15:30,466.81,16:00,467.37,close,2021-11-09,-0.5600000000000023
311,-1,14:00,464.18,16:00,463.69,close,2021-11-10,0.4900000000000091
313,1,11:30,466.88,16:00,467.31,close,2021-11-12,0.4300000000000068
315,1,10:00,468.54,10:30,468.12,stop,2021-11-16,-0.4200000000000159
315,1,11:30,469.76,16:00,469.23,close,2021-11-16,-0.5299999999999727
316,-1,10:00,467.51,10:30,468.09,stop,2021-11-17,-0.5799999999999841
317,-1,10:30,466.83,11:00,467.52,stop,2021-11-18,-0.6899999999999977
319,1,10:00,472.79,11:30,472.2,stop,2021-11-22,-0.5900000000000318
320,1,10:00,468.63,10:30,466.035,stop,2021-11-23,-2.5949999999999704
320,-1,11:00,465.07,11:30,466.41,stop,2021-11-23,-1.3400000000000318
320,-1,13:00,465.3,14:00,466.275,stop,2021-11-23,-0.9749999999999659
322,-1,10:30,462.68,16:00,464.64,close,2021-11-29,-1.9599999999999795
323,-1,11:00,458.055,16:00,456.17,close,2021-11-30,1.884999999999991
324,1,11:00,463.5,15:30,453.77,reverse,2021-12-01,-9.730000000000018
324,-1,15:30,453.77,16:00,450.44,close,2021-12-01,3.329999999999984
325,1,10:00,455.88,16:00,457.32,close,2021-12-02,1.4399999999999977
326,-1,10:00,455.44,16:00,453.43,close,2021-12-03,2.009999999999991
327,1,10:30,458.15,16:00,458.84,close,2021-12-06,0.6899999999999977
328,1,10:00,467.26,16:00,468.29,close,2021-12-07,1.0300000000000296
332,-1,10:00,468.71,14:00,467.72,stop,2021-12-13,0.9899999999999523
334,-1,10:00,461.6,15:30,469.51,reverse,2021-12-15,-7.909999999999968
334,1,15:30,469.51,16:00,470.58,close,2021-12-15,1.0699999999999932
335,-1,14:30,466.95,15:30,467.165,stop,2021-12-16,-0.21500000000003183
336,-1,10:30,459.33,16:00,459.85,close,2021-12-17,-0.5200000000000387
337,-1,10:30,452.19,16:00,455.09,close,2021-12-20,-2.8999999999999773
338,1,13:00,461.85,16:00,463.06,close,2021-12-21,1.2099999999999795
339,1,11:00,466.14,16:00,467.7,close,2021-12-22,1.5600000000000023
340,1,10:00,470.19,11:30,470.92,stop,2021-12-23,0.7300000000000182
340,1,12:00,471.25,12:30,470.92,stop,2021-12-23,-0.3299999999999841
340,1,14:30,471.52,15:30,471.44,stop,2021-12-23,-0.07999999999998408
341,1,10:30,474.75,16:00,477.31,close,2021-12-27,2.5600000000000023
347,-1,14:00,475.69,14:30,476.54,stop,2022-01-04,-0.8500000000000227
348,-1,14:30,473.42,16:00,468.5,close,2022-01-05,4.920000000000016
350,-1,11:00,465.28,12:00,467.68,stop,2022-01-07,-2.400000000000034
351,-1,10:00,459.27,11:30,460.04,stop,2022-01-10,-0.7700000000000387
351,-1,12:30,458.32,13:00,459.24,stop,2022-01-10,-0.9200000000000159
352,-1,10:00,462.8,10:30,464.44,stop,2022-01-11,-1.6399999999999864
352,-1,11:00,463.61,11:30,466.53,stop,2022-01-11,-2.919999999999959
352,1,12:00,467.44,12:30,466.82,stop,2022-01-11,-0.6200000000000045
352,1,13:00,467.71,16:00,469.75,close,2022-01-11,2.0400000000000205
354,-1,12:30,467.65,16:00,464.79,close,2022-01-13,2.859999999999957
356,-1,10:00,458.05,10:30,458.93,stop,2022-01-18,-0.8799999999999955
356,-1,11:00,457.52,15:00,458.45,stop,2022-01-18,-0.9300000000000068
356,-1,15:30,456.95,16:00,456.5,close,2022-01-18,0.44999999999998863
357,1,10:00,459.48,14:30,454.445,reverse,2022-01-19,-5.035000000000025
357,-1,14:30,454.445,16:00,451.83,close,2022-01-19,2.615000000000009
358,1,10:00,456.77,16:00,446.58,close,2022-01-20,-10.189999999999998
359,-1,10:00,443.64,16:00,438.01,close,2022-01-21,5.6299999999999955
360,-1,10:00,429.08,16:00,440.09,close,2022-01-24,-11.009999999999991
361,-1,10:00,429.01,16:00,434.49,close,2022-01-25,-5.480000000000018
363,1,10:00,440.3,13:30,430.22,reverse,2022-01-27,-10.079999999999984
363,-1,13:30,430.22,16:00,431.315,close,2022-01-27,-1.0949999999999704
364,-1,10:00,428.45,11:30,435.0,reverse,2022-01-28,-6.550000000000011
364,1,11:30,435.0,16:00,441.95,close,2022-01-28,6.949999999999989
365,1,10:30,444.44,16:00,449.815,close,2022-01-31,5.375
369,1,13:30,449.81,16:00,448.75,close,2022-02-04,-1.0600000000000023
371,1,11:30,449.085,16:00,450.79,close,2022-02-08,1.705000000000041
374,-1,13:00,446.83,16:00,440.42,close,2022-02-11,6.409999999999968
375,-1,11:00,437.8,16:00,438.89,close,2022-02-14,-1.089999999999975
376,1,11:00,445.44,16:00,445.99,close,2022-02-15,0.5500000000000114
378,-1,10:00,440.76,16:00,436.98,close,2022-02-17,3.7799999999999727
379,1,10:00,438.38,11:30,435.05,reverse,2022-02-18,-3.329999999999984
379,-1,11:30,435.05,16:00,434.27,close,2022-02-18,0.7800000000000296
380,-1,12:30,430.42,16:00,429.58,close,2022-02-22,0.8400000000000318
381,-1,11:00,427.86,16:00,422.05,close,2022-02-23,5.810000000000002
383,1,10:30,431.94,16:00,437.65,close,2022-02-25,5.7099999999999795
385,-1,11:00,432.57,16:00,429.93,close,2022-03-01,2.6399999999999864
386,1,11:30,436.86,16:00,437.79,close,2022-03-02,0.9300000000000068
387,-1,11:00,435.1,16:00,435.75,close,2022-03-03,-0.6499999999999773
388,-1,11:00,428.52,16:00,432.15,close,2022-03-04,-3.6299999999999955
389,-1,10:00,427.74,16:00,419.47,close,2022-03-07,8.269999999999982
390,-1,10:30,416.39,12:30,423.9,reverse,2022-03-08,-7.509999999999991
390,1,12:30,423.9,16:00,416.31,close,2022-03-08,-7.589999999999975
394,1,11:00,424.5,16:00,416.94,close,2022-03-14,-7.560000000000002
395,1,12:30,424.05,16:00,426.17,close,2022-03-15,2.1200000000000045
396,1,10:00,432.02,16:00,435.67,close,2022-03-16,3.650000000000034
397,1,14:00,439.46,16:00,441.05,close,2022-03-17,1.5900000000000318
400,1,10:30,448.59,16:00,449.61,close,2022-03-22,1.0200000000000387
402,1,12:00,448.43,16:00,450.42,close,2022-03-24,1.990000000000009
409,1,10:00,454.57,11:00,454.28,stop,2022-04-04,-0.29000000000002046
409,1,11:30,455.22,13:00,454.91,stop,2022-04-04,-0.3100000000000023
409,1,14:00,455.67,15:30,456.06,stop,2022-04-04,0.38999999999998636
410,-1,12:30,452.68,13:00,453.54,stop,2022-04-05,-0.8600000000000136
410,-1,14:00,452.99,16:00,451.23,close,2022-04-05,1.759999999999991
411,-1,10:00,445.57,16:00,446.64,close,2022-04-06,-1.0699999999999932
412,1,15:00,449.25,16:00,448.71,close,2022-04-07,-0.5400000000000205
413,-1,10:00,446.085,11:00,449.71,reverse,2022-04-08,-3.625
413,1,11:00,449.71,16:00,447.63,close,2022-04-08,-2.079999999999984
414,-1,10:30,442.71,16:00,440.01,close,2022-04-11,2.6999999999999886
415,1,10:00,445.12,14:30,438.46,reverse,2022-04-12,-6.660000000000025
415,-1,14:30,438.46,16:00,438.28,close,2022-04-12,0.18000000000000682
416,1,11:00,439.81,16:00,443.33,close,2022-04-13,3.519999999999982
417,-1,10:00,442.195,16:00,437.95,close,2022-04-14,4.2450000000000045
419,1,10:00,441.53,16:00,444.91,close,2022-04-19,3.3800000000000523
421,-1,14:00,441.585,16:00,437.92,close,2022-04-21,3.6649999999999636
422,-1,10:00,434.28,16:00,426.05,close,2022-04-22,8.229999999999961
423,-1,10:00,420.36,16:00,428.56,close,2022-04-25,-8.199999999999989
424,-1,10:00,423.82,16:00,416.09,close,2022-04-26,7.730000000000018
425,1,10:00,420.795,16:00,417.19,close,2022-04-27,-3.605000000000018
426,1,13:00,425.65,16:00,427.75,close,2022-04-28,2.1000000000000227
427,-1,10:30,421.12,16:00,411.91,close,2022-04-29,9.20999999999998
428,1,10:30,414.44,14:00,407.55,reverse,2022-05-02,-6.889999999999986
428,-1,14:00,407.55,16:00,414.6,close,2022-05-02,-7.050000000000011
429,1,11:30,418.09,16:00,416.33,close,2022-05-03,-1.759999999999991
430,1,15:00,423.84,16:00,429.08,close,2022-05-04,5.240000000000009
431,-1,10:00,421.62,16:00,414.2,close,2022-05-05,7.420000000000016
432,-1,10:00,406.34,16:00,411.55,close,2022-05-06,-5.210000000000036
433,-1,10:30,402.28,16:00,398.26,close,2022-05-09,4.019999999999982
435,1,10:00,402.04,14:00,394.21,reverse,2022-05-11,-7.830000000000041
435,-1,14:00,394.21,16:00,392.72,close,2022-05-11,1.4899999999999523
437,1,10:30,401.0,16:00,401.61,close,2022-05-13,0.6100000000000136
440,-1,10:00,401.14,16:00,391.94,close,2022-05-18,9.199999999999989
442,-1,12:30,384.45,16:00,389.59,close,2022-05-20,-5.139999999999986
444,-1,10:00,390.8,16:00,394.04,close,2022-05-24,-3.240000000000009
446,1,10:00,402.63,16:00,405.31,close,2022-05-26,2.680000000000007
447,1,10:00,411.055,16:00,415.35,close,2022-05-27,4.295000000000016
448,-1,10:00,411.13,16:00,412.96,close,2022-05-31,-1.829999999999984
449,-1,11:30,408.745,16:00,409.61,close,2022-06-01,-0.8650000000000091
450,1,12:30,413.97,16:00,417.37,close,2022-06-02,3.3999999999999773
455,-1,15:30,404.42,16:00,401.45,close,2022-06-09,2.9700000000000273
456,-1,10:30,390.42,16:00,389.76,close,2022-06-10,0.660000000000025
457,-1,10:30,377.19,16:00,375.08,close,2022-06-13,2.1100000000000136
459,1,15:30,382.29,16:00,379.2,close,2022-06-15,-3.090000000000032
460,-1,10:00,368.76,16:00,367.08,close,2022-06-16,1.6800000000000068
461,1,10:00,368.52,16:00,365.81,close,2022-06-17,-2.7099999999999795
462,1,10:00,374.85,16:00,375.12,close,2022-06-21,0.2699999999999818
465,1,10:00,383.8,16:00,390.07,close,2022-06-24,6.269999999999982
466,-1,10:00,388.04,16:00,388.67,close,2022-06-27,-0.6299999999999955
467,1,10:00,391.91,11:30,385.71,reverse,2022-06-28,-6.2000000000000455
467,-1,11:30,385.71,16:00,380.83,close,2022-06-28,4.8799999999999955
469,-1,10:00,373.325,16:00,377.285,close,2022-06-30,-3.9600000000000364
471,-1,10:00,373.72,16:00,381.98,close,2022-07-05,-8.259999999999991
473,1,10:00,387.315,16:00,388.84,close,2022-07-07,1.5249999999999773
478,-1,10:30,371.935,16:00,377.955,close,2022-07-14,-6.019999999999982
481,1,10:30,388.1,16:00,392.17,close,2022-07-19,4.069999999999993
482,1,11:00,395.935,16:00,394.86,close,2022-07-20,-1.0749999999999886
483,-1,10:30,392.11,12:30,397.32,reverse,2022-07-21,-5.2099999999999795
483,1,12:30,397.32,16:00,398.84,close,2022-07-21,1.5199999999999818
484,-1,11:30,396.69,16:00,395.13,close,2022-07-22,1.5600000000000023
486,-1,11:30,391.32,16:00,390.79,close,2022-07-26,0.5299999999999727
487,1,11:00,396.14,16:00,401.02,close,2022-07-27,4.8799999999999955
488,-1,10:00,399.37,11:30,403.87,reverse,2022-07-28,-4.5
488,1,11:30,403.87,16:00,405.92,close,2022-07-28,2.0500000000000114
489,1,10:00,409.09,16:00,412.13,close,2022-07-29,3.0400000000000205
492,1,10:00,411.3,16:00,414.39,close,2022-08-03,3.089999999999975
495,1,10:00,417.17,16:00,412.92,close,2022-08-08,-4.25
499,1,11:30,423.475,16:00,427.03,close,2022-08-12,3.55499999999995
504,-1,10:00,423.17,13:00,423.325,stop,2022-08-19,-0.15499999999997272
504,-1,13:30,422.76,16:00,422.19,close,2022-08-19,0.5699999999999932
505,-1,10:30,414.88,16:00,413.41,close,2022-08-22,1.4699999999999704
507,1,11:30,414.48,16:00,413.66,close,2022-08-24,-0.8199999999999932
508,1,10:00,416.44,16:00,419.52,close,2022-08-25,3.079999999999984
509,-1,10:30,414.68,16:00,405.35,close,2022-08-26,9.329999999999984
511,-1,10:30,399.99,16:00,398.17,close,2022-08-30,1.8199999999999932
513,-1,11:00,390.32,16:00,396.33,close,2022-09-01,-6.009999999999991
514,-1,13:30,393.38,16:00,392.19,close,2022-09-02,1.1899999999999977
515,-1,10:30,390.39,16:00,390.83,close,2022-09-06,-0.4399999999999977
516,1,11:00,392.73,16:00,397.82,close,2022-09-07,5.089999999999975
517,1,11:00,399.905,16:00,400.375,close,2022-09-08,0.4700000000000273
518,1,10:00,404.3,16:00,406.51,close,2022-09-09,2.2099999999999795
519,1,10:00,411.05,16:00,411.02,close,2022-09-12,-0.03000000000002956
520,-1,11:00,398.43,16:00,393.03,close,2022-09-13,5.400000000000034
523,-1,10:00,382.53,16:00,385.58,close,2022-09-16,-3.0500000000000114
525,-1,14:00,381.41,16:00,384.22,close,2022-09-20,-2.8100000000000023
527,-1,10:00,374.88,16:00,374.29,close,2022-09-22,0.589999999999975
528,-1,10:00,367.72,16:00,368.19,close,2022-09-23,-0.46999999999997044
529,1,10:30,369.91,13:30,363.69,reverse,2022-09-26,-6.220000000000027
529,-1,13:30,363.69,16:00,364.33,close,2022-09-26,-0.6399999999999864
530,-1,12:30,362.22,16:00,363.395,close,2022-09-27,-1.1749999999999545
531,1,10:30,366.46,16:00,370.52,close,2022-09-28,4.060000000000002
532,-1,10:00,363.22,16:00,362.76,close,2022-09-29,0.4600000000000364
533,1,11:30,365.34,16:00,357.21,close,2022-09-30,-8.129999999999995
534,1,10:30,364.52,16:00,366.66,close,2022-10-03,2.140000000000043
535,1,10:00,376.105,16:00,377.99,close,2022-10-04,1.884999999999991
538,-1,10:00,365.48,16:00,362.75,close,2022-10-07,2.730000000000018
539,-1,11:00,360.12,16:00,360.08,close,2022-10-10,0.040000000000020464
540,-1,10:00,356.51,16:00,357.86,close,2022-10-11,-1.3500000000000227
542,1,11:30,360.51,16:00,366.08,close,2022-10-13,5.569999999999993
543,-1,10:30,361.955,16:00,357.68,close,2022-10-14,4.274999999999977
544,1,10:00,366.125,16:00,366.86,close,2022-10-17,0.7350000000000136
547,1,10:30,372.21,16:00,365.4,close,2022-10-20,-6.810000000000002
548,1,10:00,369.23,16:00,374.3,close,2022-10-21,5.069999999999993
550,1,10:00,382.55,16:00,384.83,close,2022-10-25,2.2799999999999727
553,1,10:00,382.61,16:00,388.99,close,2022-10-28,6.3799999999999955
556,-1,15:30,377.015,16:00,375.02,close,2022-11-02,1.9950000000000045
557,-1,10:00,369.2,16:00,371.035,close,2022-11-03,-1.8350000000000364
560,1,11:30,384.02,16:00,381.93,close,2022-11-08,-2.089999999999975
561,-1,14:00,376.08,16:00,374.17,close,2022-11-09,1.9099999999999682
562,1,11:00,390.43,16:00,394.485,close,2022-11-10,4.055000000000007
563,1,15:00,399.25,16:00,398.5,close,2022-11-11,-0.75
570,1,15:30,399.445,16:00,399.87,close,2022-11-22,0.42500000000001137
571,1,10:00,401.41,16:00,402.24,close,2022-11-23,0.8299999999999841
572,-1,14:30,395.99,16:00,395.9,close,2022-11-28,0.09000000000003183
573,-1,11:30,393.53,16:00,395.325,close,2022-11-29,-1.795000000000016
574,-1,10:30,394.26,14:00,399.94,reverse,2022-11-30,-5.680000000000007
574,1,14:00,399.94,16:00,407.45,close,2022-11-30,7.509999999999991
575,-1,10:30,405.3,16:00,407.41,close,2022-12-01,-2.1100000000000136
577,-1,11:30,402.5,16:00,399.61,close,2022-12-05,2.8899999999999864
578,-1,10:00,397.05,16:00,393.93,close,2022-12-06,3.1200000000000045
580,1,10:00,396.18,16:00,396.135,close,2022-12-08,-0.045000000000015916
582,1,15:30,398.185,16:00,398.905,close,2022-12-12,0.7199999999999704
584,1,10:00,403.855,16:00,399.39,close,2022-12-14,-4.465000000000032
585,-1,10:00,391.65,16:00,389.81,close,2022-12-15,1.839999999999975
586,-1,10:30,382.66,16:00,383.35,close,2022-12-16,-0.6899999999999977
587,-1,10:00,382.39,16:00,380.0,close,2022-12-19,2.3899999999999864
589,1,11:00,386.63,16:00,386.13,close,2022-12-21,-0.5
590,-1,10:00,381.455,16:00,380.73,close,2022-12-22,0.7249999999999659
591,-1,10:00,378.66,16:00,382.75,close,2022-12-23,-4.089999999999975
592,-1,10:00,380.55,16:00,381.335,close,2022-12-27,-0.7849999999999682
593,-1,11:30,379.13,16:00,376.69,close,2022-12-28,2.4399999999999977
594,1,10:00,381.72,16:00,383.37,close,2022-12-29,1.6499999999999773
596,-1,12:00,379.1,16:00,380.92,close,2023-01-03,-1.8199999999999932
598,-1,10:00,379.93,16:00,379.34,close,2023-01-05,0.5900000000000318
599,1,11:00,385.295,16:00,388.01,close,2023-01-06,2.714999999999975
600,1,11:00,392.67,16:00,387.9,close,2023-01-09,-4.770000000000039
603,-1,10:00,393.71,16:00,397.03,close,2023-01-12,-3.319999999999993
606,-1,11:30,395.285,16:00,391.59,close,2023-01-18,3.69500000000005
608,1,11:30,392.425,16:00,395.89,close,2023-01-20,3.464999999999975
609,1,10:00,397.895,15:00,399.525,stop,2023-01-23,1.6299999999999955
611,-1,10:00,394.305,10:30,394.9,stop,2023-01-25,-0.5949999999999704
615,1,10:30,402.715,15:30,403.755,stop,2023-01-31,1.0400000000000205
616,1,15:30,411.255,16:00,410.65,close,2023-02-01,-0.6050000000000182
617,1,11:00,416.52,11:30,416.565,stop,2023-02-02,0.045000000000015916
617,1,14:00,418.055,14:30,415.525,stop,2023-02-02,-2.5300000000000296
620,1,13:00,414.4,13:30,409.55,stop,2023-02-07,-4.849999999999966
620,1,15:00,413.67,16:00,415.25,close,2023-02-07,1.579999999999984
621,-1,11:30,410.7,12:00,411.435,stop,2023-02-08,-0.7350000000000136
622,-1,14:30,408.315,15:00,408.455,stop,2023-02-09,-0.13999999999998636
622,-1,15:30,406.76,16:00,407.15,close,2023-02-09,-0.38999999999998636
624,1,10:00,410.36,16:00,412.74,close,2023-02-13,2.3799999999999955
625,-1,12:00,409.465,16:00,412.72,close,2023-02-14,-3.2550000000000523
628,-1,10:00,404.72,16:00,407.255,close,2023-02-17,-2.534999999999968
629,-1,10:30,401.7,16:00,399.06,close,2023-02-21,2.6399999999999864
631,-1,12:00,396.455,16:00,400.6,close,2023-02-23,-4.145000000000039
632,-1,10:00,394.4,16:00,396.44,close,2023-02-24,-2.0400000000000205
636,1,14:30,396.97,16:00,397.83,close,2023-03-02,0.8599999999999568
637,1,10:00,400.55,11:00,400.88,stop,2023-03-03,0.3299999999999841
637,1,11:30,401.21,16:00,404.175,close,2023-03-03,2.965000000000032
638,1,10:30,406.77,11:30,406.47,stop,2023-03-06,-0.2999999999999545
638,1,12:30,406.815,13:00,405.75,stop,2023-03-06,-1.0649999999999977
639,-1,10:30,401.63,16:00,398.29,close,2023-03-07,3.339999999999975
641,1,10:00,400.87,10:30,400.085,stop,2023-03-09,-0.785000000000025
641,-1,13:30,396.43,16:00,391.65,close,2023-03-09,4.78000000000003
642,-1,10:00,389.405,16:00,385.885,close,2023-03-10,3.519999999999982
643,1,11:00,387.63,16:00,385.33,close,2023-03-13,-2.3000000000000114
644,1,10:30,392.27,16:00,391.68,close,2023-03-14,-0.589999999999975
646,1,11:00,391.75,16:00,396.03,close,2023-03-16,4.279999999999973
647,-1,10:30,391.2,16:00,390.12,close,2023-03-17,1.079999999999984
648,1,10:30,392.38,16:00,393.58,close,2023-03-20,1.1999999999999886
651,1,10:30,396.7,16:00,393.29,close,2023-03-23,-3.409999999999968
657,1,10:00,405.56,10:30,405.61,stop,2023-03-31,0.05000000000001137
657,1,12:00,407.12,14:30,407.23,stop,2023-03-31,0.11000000000001364
657,1,15:00,407.61,16:00,409.37,close,2023-03-31,1.759999999999991
658,1,10:00,410.175,11:00,408.99,stop,2023-04-03,-1.1850000000000023
659,-1,11:30,408.87,16:00,408.7,close,2023-04-04,0.17000000000001592
661,1,13:30,408.99,14:00,408.87,stop,2023-04-06,-0.12000000000000455
664,-1,15:30,407.56,16:00,408.04,close,2023-04-12,-0.4800000000000182
665,1,10:30,410.83,11:00,410.37,stop,2023-04-13,-0.45999999999997954
665,1,11:30,410.78,16:00,413.4,close,2023-04-13,2.6200000000000045
666,1,10:00,414.58,10:30,412.35,stop,2023-04-14,-2.2299999999999613
666,-1,11:30,411.67,12:00,411.7,stop,2023-04-14,-0.029999999999972715
666,-1,12:30,411.09,14:30,411.92,stop,2023-04-14,-0.8300000000000409
671,-1,10:00,410.93,10:30,412.06,stop,2023-04-21,-1.1299999999999955
672,1,10:30,413.02,11:00,411.66,stop,2023-04-24,-1.3599999999999568
673,-1,10:30,409.505,11:00,409.9,stop,2023-04-25,-0.3949999999999818
673,-1,12:00,408.99,16:00,406.12,close,2023-04-25,2.8700000000000045
674,-1,10:30,405.38,11:00,406.28,stop,2023-04-26,-0.8999999999999773
674,-1,15:00,404.345,16:00,404.37,close,2023-04-26,-0.024999999999977263
675,1,10:30,408.21,11:00,407.71,stop,2023-04-27,-0.5
675,1,11:30,408.82,16:00,412.38,close,2023-04-27,3.5600000000000023
676,1,10:30,414.695,11:00,413.24,stop,2023-04-28,-1.454999999999984
676,1,11:30,413.9,16:00,415.9,close,2023-04-28,2.0
678,-1,10:00,413.86,14:00,410.87,stop,2023-05-02,2.990000000000009
678,-1,14:30,410.23,15:00,411.07,stop,2023-05-02,-0.839999999999975
679,1,10:00,412.255,10:30,411.395,stop,2023-05-03,-0.8600000000000136
680,-1,10:00,405.595,11:30,405.22,stop,2023-05-04,0.375
680,-1,12:00,404.47,12:30,405.44,stop,2023-05-04,-0.9699999999999704
681,1,10:00,410.185,16:00,412.68,close,2023-05-05,2.4950000000000045
685,-1,10:00,410.305,10:30,410.87,stop,2023-05-11,-0.5649999999999977
686,-1,12:30,410.08,13:30,410.39,stop,2023-05-12,-0.3100000000000023
686,-1,14:00,409.22,15:30,410.46,stop,2023-05-12,-1.2399999999999523
689,1,13:00,414.49,16:00,415.14,close,2023-05-17,0.6499999999999773
690,1,10:30,416.95,12:30,416.16,stop,2023-05-18,-0.7899999999999636
690,1,15:00,417.06,16:00,419.215,close,2023-05-18,2.1549999999999727
693,-1,14:30,414.36,16:00,414.135,close,2023-05-23,0.22500000000002274
694,-1,10:00,411.085,11:30,411.19,stop,2023-05-24,-0.10500000000001819
694,-1,12:00,410.44,14:00,411.2,stop,2023-05-24,-0.7599999999999909
694,-1,14:30,410.29,15:30,412.02,stop,2023-05-24,-1.7299999999999613
696,1,10:00,416.97,16:00,419.96,close,2023-05-26,2.9899999999999523
698,-1,10:30,416.84,13:00,417.05,stop,2023-05-31,-0.21000000000003638
699,1,11:00,419.38,16:00,421.79,close,2023-06-01,2.410000000000025
700,1,11:00,426.85,16:00,427.735,close,2023-06-02,0.8849999999999909
703,1,10:00,429.29,10:30,428.33,stop,2023-06-07,-0.9600000000000364
704,1,11:00,428.02,12:00,427.99,stop,2023-06-08,-0.029999999999972715
704,1,12:30,429.095,14:00,428.24,stop,2023-06-08,-0.8550000000000182
704,1,14:30,428.715,16:00,429.17,close,2023-06-08,0.4550000000000409
705,1,10:00,431.02,11:00,431.15,stop,2023-06-09,0.12999999999999545
706,1,15:30,433.29,16:00,433.82,close,2023-06-12,0.5299999999999727
708,1,11:30,438.67,12:00,438.24,stop,2023-06-14,-0.4300000000000068
708,-1,14:30,434.485,15:00,436.51,stop,2023-06-14,-2.0249999999999773
709,1,10:00,438.74,16:00,442.59,close,2023-06-15,3.849999999999966
710,-1,10:00,441.28,10:30,442.375,stop,2023-06-16,-1.0950000000000273
710,-1,11:30,440.79,12:00,441.25,stop,2023-06-16,-0.45999999999997954
710,-1,15:00,440.115,16:00,439.28,close,2023-06-16,0.8350000000000364
711,-1,10:30,435.12,11:30,435.96,stop,2023-06-20,-0.839999999999975
712,-1,10:00,435.38,10:30,435.39,stop,2023-06-21,-0.009999999999990905
715,1,10:00,434.26,10:30,433.91,stop,2023-06-26,-0.3499999999999659
716,1,11:30,433.835,16:00,436.14,close,2023-06-27,2.305000000000007
718,1,11:30,437.63,12:00,437.745,stop,2023-06-29,0.1150000000000091
718,1,12:30,438.135,14:00,437.06,stop,2023-06-29,-1.0749999999999886
719,1,10:00,442.39,11:30,442.68,stop,2023-06-30,0.29000000000002046
719,1,12:30,443.07,16:00,443.22,close,2023-06-30,0.1500000000000341
721,-1,10:00,438.2,12:00,438.16,stop,2023-07-06,0.03999999999996362
722,1,13:00,442.26,15:00,441.15,stop,2023-07-07,-1.1100000000000136
726,1,15:00,449.27,16:00,449.61,close,2023-07-13,0.34000000000003183
728,1,11:30,450.39,12:30,450.215,stop,2023-07-17,-0.17500000000001137
728,1,13:00,450.57,13:30,450.495,stop,2023-07-17,-0.07499999999998863
728,1,14:00,450.79,16:00,450.86,close,2023-07-17,0.06999999999999318
729,1,11:00,452.325,16:00,454.22,close,2023-07-18,1.8950000000000387
730,1,10:00,456.065,10:30,455.91,stop,2023-07-19,-0.15499999999997272
731,-1,14:30,452.12,16:00,452.26,close,2023-07-20,-0.13999999999998636
733,1,11:30,454.305,13:00,454.3,stop,2023-07-24,-0.0049999999999954525
733,1,14:00,454.785,14:30,454.59,stop,2023-07-24,-0.19500000000005002
734,1,12:00,455.36,16:00,455.36,close,2023-07-25,0.0
736,-1,14:30,453.92,16:00,452.5,close,2023-07-27,1.420000000000016
737,1,11:00,456.84,13:30,456.09,stop,2023-07-28,-0.75
740,-1,10:30,451.95,16:00,450.16,close,2023-08-02,1.7899999999999636
742,1,12:30,452.52,13:30,451.595,stop,2023-08-04,-0.9249999999999545
743,1,10:30,449.625,11:00,449.055,stop,2023-08-07,-0.5699999999999932
743,1,14:00,450.295,14:30,449.625,stop,2023-08-07,-0.6700000000000159
744,-1,10:00,446.54,12:30,446.47,stop,2023-08-08,0.06999999999999318
745,-1,11:00,447.31,13:30,447.435,stop,2023-08-09,-0.125
746,1,10:00,451.31,11:00,449.565,stop,2023-08-10,-1.7450000000000045
748,1,11:00,447.28,12:30,446.62,stop,2023-08-14,-0.6599999999999682
748,1,13:00,447.185,14:30,446.83,stop,2023-08-14,-0.3550000000000182
749,-1,10:00,445.17,11:30,444.82,stop,2023-08-15,0.35000000000002274
749,-1,13:00,444.18,16:00,442.93,close,2023-08-15,1.25
750,-1,15:30,440.115,16:00,439.62,close,2023-08-16,0.49500000000000455
751,-1,15:00,437.115,16:00,436.26,close,2023-08-17,0.8550000000000182
753,1,10:00,438.765,10:30,436.56,stop,2023-08-21,-2.204999999999984
755,1,10:00,440.455,16:00,442.98,close,2023-08-23,2.525000000000034
756,-1,11:00,441.125,16:00,436.92,close,2023-08-24,4.204999999999984
757,1,15:00,440.855,15:30,440.93,stop,2023-08-25,0.07499999999998863
759,1,10:00,444.09,16:00,449.19,close,2023-08-29,5.100000000000023
760,1,10:00,451.19,10:30,449.33,stop,2023-08-30,-1.8600000000000136
763,-1,10:00,449.44,10:30,449.855,stop,2023-09-05,-0.41500000000002046
764,-1,10:30,446.095,14:30,445.745,stop,2023-09-06,0.35000000000002274
766,1,10:00,445.88,11:00,445.875,stop,2023-09-08,-0.0049999999999954525
769,1,10:00,446.96,10:30,446.105,stop,2023-09-13,-0.8549999999999613
771,-1,10:00,446.57,16:00,443.305,close,2023-09-15,3.2649999999999864
773,-1,10:30,441.475,13:30,441.185,stop,2023-09-19,0.29000000000002046
774,-1,15:30,440.875,16:00,438.52,close,2023-09-20,2.355000000000018
775,-1,10:00,434.265,13:30,434.67,stop,2023-09-21,-0.40500000000002956
775,-1,14:30,433.315,16:00,431.3,close,2023-09-21,2.0149999999999864
776,1,11:30,433.875,12:00,432.88,stop,2023-09-22,-0.9950000000000045
777,1,12:30,431.9,13:00,431.015,stop,2023-09-25,-0.8849999999999909
778,-1,10:30,427.9,11:00,428.02,stop,2023-09-26,-0.12000000000000455
778,-1,11:30,426.69,12:30,427.62,stop,2023-09-26,-0.9300000000000068
778,-1,13:00,427.58,16:00,425.84,close,2023-09-26,1.740000000000009
779,-1,12:30,424.135,15:00,425.87,stop,2023-09-27,-1.7350000000000136
780,1,10:00,426.89,10:30,426.4,stop,2023-09-28,-0.4900000000000091
780,1,11:00,427.34,16:00,428.51,close,2023-09-28,1.170000000000016
781,-1,14:00,426.3,15:00,428.215,stop,2023-09-29,-1.9149999999999636
783,-1,10:30,422.53,16:00,421.68,close,2023-10-03,0.8499999999999659
784,-1,10:30,420.615,11:00,420.915,stop,2023-10-04,-0.30000000000001137
784,1,12:00,423.935,12:30,424.06,stop,2023-10-04,0.125
784,1,15:30,424.455,16:00,424.705,close,2023-10-04,0.25
785,-1,10:30,423.27,12:30,423.18,stop,2023-10-05,0.08999999999997499
786,1,12:00,428.945,16:00,429.44,close,2023-10-06,0.49500000000000455
787,1,14:00,432.14,16:00,432.24,close,2023-10-09,0.10000000000002274
788,1,10:30,435.1,13:30,435.39,stop,2023-10-10,0.2899999999999636
790,-1,10:00,435.41,10:30,435.955,stop,2023-10-12,-0.5449999999999591
790,-1,13:30,433.29,16:00,433.68,close,2023-10-12,-0.38999999999998636
791,1,10:00,435.705,10:30,434.35,stop,2023-10-13,-1.3549999999999613
791,-1,13:30,430.15,14:00,431.385,stop,2023-10-13,-1.2350000000000136
792,1,10:30,435.97,12:00,435.96,stop,2023-10-16,-0.010000000000047748
794,-1,15:30,430.52,16:00,430.24,close,2023-10-18,0.2799999999999727
795,-1,15:00,426.935,16:00,426.43,close,2023-10-19,0.5049999999999955
796,-1,10:00,425.02,16:00,421.25,close,2023-10-20,3.769999999999982
797,1,13:00,424.45,16:00,420.52,close,2023-10-23,-3.930000000000007
798,1,10:00,423.85,16:00,423.56,close,2023-10-24,-0.29000000000002046
799,-1,10:00,419.84,11:00,420.13,stop,2023-10-25,-0.29000000000002046
799,-1,12:30,419.14,16:00,417.62,close,2023-10-25,1.5199999999999818
800,-1,10:00,415.21,16:00,412.6,close,2023-10-26,2.609999999999957
801,-1,14:30,409.73,16:00,410.76,close,2023-10-27,-1.0299999999999727
802,1,10:00,414.89,16:00,415.64,close,2023-10-30,0.75
803,-1,10:00,414.75,10:30,415.85,stop,2023-10-31,-1.1000000000000227
804,1,10:30,421.26,11:30,420.37,stop,2023-11-01,-0.8899999999999864
804,1,15:30,422.79,16:00,422.66,close,2023-11-01,-0.12999999999999545
805,1,10:00,427.51,16:00,430.69,close,2023-11-02,3.180000000000007
806,1,10:00,434.9,10:30,433.74,stop,2023-11-03,-1.1599999999999682
806,1,12:00,435.015,13:30,435.13,stop,2023-11-03,0.1150000000000091
806,1,14:00,435.635,15:30,435.42,stop,2023-11-03,-0.214999999999975
808,1,11:00,437.145,12:00,436.885,stop,2023-11-07,-0.2599999999999909
810,-1,14:30,434.75,16:00,433.88,close,2023-11-09,0.8700000000000045
811,1,13:00,438.765,16:00,440.72,close,2023-11-10,1.955000000000041
813,1,10:00,447.98,12:30,448.135,stop,2023-11-14,0.15499999999997272
813,1,13:00,448.7,14:00,448.24,stop,2023-11-14,-0.45999999999997954
813,1,15:00,449.43,16:00,448.66,close,2023-11-14,-0.7699999999999818
817,1,10:00,452.17,16:00,454.26,close,2023-11-20,2.089999999999975
818,-1,10:30,452.16,11:00,452.67,stop,2023-11-21,-0.5099999999999909
821,1,11:30,455.56,13:00,454.9,stop,2023-11-28,-0.660000000000025
822,1,10:00,458.16,10:30,456.46,stop,2023-11-29,-1.7000000000000455
823,-1,12:30,453.545,13:00,454.11,stop,2023-11-30,-0.5649999999999977
824,1,11:30,457.46,16:00,458.99,close,2023-12-01,1.5300000000000296
825,-1,10:30,454.825,11:30,454.94,stop,2023-12-04,-0.1150000000000091
827,-1,15:30,454.99,16:00,454.74,close,2023-12-06,0.25
828,1,10:30,458.035,11:30,457.08,stop,2023-12-07,-0.9550000000000409
828,1,12:00,458.13,15:00,457.99,stop,2023-12-07,-0.13999999999998636
829,1,10:30,459.915,11:30,458.705,stop,2023-12-08,-1.2100000000000364
829,1,13:30,459.49,16:00,460.15,close,2023-12-08,0.6599999999999682
830,1,13:30,461.5,15:00,461.55,stop,2023-12-11,0.05000000000001137
831,1,15:00,463.575,16:00,464.2,close,2023-12-12,0.625
832,1,14:30,467.465,16:00,470.54,close,2023-12-13,3.0750000000000455
833,1,10:00,473.13,10:30,472.275,stop,2023-12-14,-0.8550000000000182
835,1,10:30,471.82,11:00,471.26,stop,2023-12-18,-0.5600000000000023
835,1,12:30,472.5,14:30,472.475,stop,2023-12-18,-0.024999999999977263
836,1,10:00,473.5,15:00,474.15,stop,2023-12-19,0.6499999999999773
837,-1,15:00,470.485,16:00,468.06,close,2023-12-20,2.4250000000000114
839,1,10:30,475.18,11:00,474.12,stop,2023-12-22,-1.0600000000000023
840,1,10:00,474.685,10:30,474.87,stop,2023-12-26,0.18500000000000227
840,1,12:00,475.05,12:30,475.07,stop,2023-12-26,0.01999999999998181
840,1,15:30,476.19,16:00,475.63,close,2023-12-26,-0.5600000000000023
843,-1,11:00,475.46,14:30,475.06,stop,2023-12-29,0.39999999999997726
845,-1,10:00,469.93,11:30,469.725,stop,2024-01-03,0.20499999999998408
845,-1,12:00,469.26,12:30,469.56,stop,2024-01-03,-0.30000000000001137
846,1,10:30,469.85,12:00,469.71,stop,2024-01-04,-0.1400000000000432
847,1,10:00,468.18,11:30,469.24,stop,2024-01-05,1.0600000000000023
848,1,10:00,469.79,16:00,474.53,close,2024-01-08,4.739999999999952
850,1,11:00,475.26,11:30,474.75,stop,2024-01-10,-0.5099999999999909
850,1,13:00,475.39,13:30,475.3,stop,2024-01-10,-0.08999999999997499
850,1,14:00,475.775,16:00,476.52,close,2024-01-10,0.7450000000000045
851,-1,10:30,474.96,13:30,474.885,stop,2024-01-11,0.07499999999998863
853,-1,13:00,473.95,13:30,475.18,stop,2024-01-16,-1.2300000000000182
853,-1,14:00,474.06,15:00,474.3,stop,2024-01-16,-0.2400000000000091
855,1,14:30,475.76,16:00,476.5,close,2024-01-18,0.7400000000000091
856,1,12:30,479.4,16:00,482.48,close,2024-01-19,3.080000000000041
857,1,10:00,485.02,10:30,484.39,stop,2024-01-22,-0.6299999999999955
862,1,15:30,490.97,16:00,491.25,close,2024-01-29,0.2799999999999727
864,-1,10:00,487.695,16:00,482.955,close,2024-01-31,4.740000000000009
865,1,10:30,486.19,11:00,484.08,stop,2024-02-01,-2.1100000000000136
865,1,12:30,486.475,16:00,489.22,close,2024-02-01,2.7450000000000045
866,1,10:00,490.625,16:00,494.29,close,2024-02-02,3.6650000000000205
867,-1,10:30,491.37,12:00,492.11,stop,2024-02-05,-0.7400000000000091
869,1,10:30,497.965,11:30,497.19,stop,2024-02-07,-0.7749999999999773
869,1,12:00,497.63,15:30,498.135,stop,2024-02-07,0.5049999999999955
871,1,10:00,499.56,10:30,499.695,stop,2024-02-09,0.1349999999999909
871,1,11:00,499.97,12:00,499.59,stop,2024-02-09,-0.3800000000000523
871,1,12:30,500.15,16:00,501.09,close,2024-02-09,0.9399999999999977
872,1,11:30,502.91,14:00,502.06,stop,2024-02-12,-0.8500000000000227
873,-1,10:00,493.81,10:30,494.91,stop,2024-02-13,-1.1000000000000227
873,-1,14:30,492.065,16:00,494.16,close,2024-02-13,-2.0950000000000273
874,1,10:30,497.78,11:00,495.85,stop,2024-02-14,-1.92999999999995
875,1,13:30,501.52,16:00,501.97,close,2024-02-15,0.4500000000000455
876,-1,10:00,499.52,10:30,500.17,stop,2024-02-16,-0.6500000000000341
877,-1,10:00,496.63,11:00,497.05,stop,2024-02-20,-0.4200000000000159
877,-1,12:00,495.62,15:00,496.735,stop,2024-02-20,-1.115000000000009
879,1,10:00,505.2,11:00,504.77,stop,2024-02-22,-0.4300000000000068
879,1,11:30,505.415,12:00,505.23,stop,2024-02-22,-0.18500000000000227
879,1,12:30,506.0,16:00,507.48,close,2024-02-22,1.4800000000000182
881,-1,13:30,506.535,14:00,506.9,stop,2024-02-26,-0.36499999999995225
885,1,10:30,510.4,16:00,512.93,close,2024-03-01,2.5299999999999727
887,-1,10:00,509.75,16:00,507.12,close,2024-03-05,2.6299999999999955
889,1,10:30,514.25,15:30,514.59,stop,2024-03-07,0.34000000000003183
890,1,10:00,517.78,11:30,514.72,stop,2024-03-08,-3.0599999999999454
890,-1,13:00,512.42,15:00,513.855,stop,2024-03-08,-1.4350000000000591
890,-1,15:30,511.87,16:00,511.72,close,2024-03-08,0.14999999999997726
891,-1,10:00,509.435,11:00,510.55,stop,2024-03-11,-1.115000000000009
892,1,10:30,515.09,13:00,514.4,stop,2024-03-12,-0.6900000000000546
892,1,14:00,515.69,16:00,516.77,close,2024-03-12,1.0799999999999272
893,-1,10:00,516.02,10:30,516.49,stop,2024-03-13,-0.4700000000000273
894,-1,10:00,513.825,10:30,515.24,stop,2024-03-14,-1.4149999999999636
894,-1,11:00,514.69,12:00,515.04,stop,2024-03-14,-0.34999999999990905
894,-1,12:30,514.74,14:00,514.58,stop,2024-03-14,0.15999999999996817
894,-1,15:00,513.81,16:00,514.86,close,2024-03-14,-1.0500000000000682
895,-1,13:00,508.48,13:30,509.34,stop,2024-03-15,-0.8599999999999568
896,1,10:30,515.24,12:00,514.19,stop,2024-03-18,-1.0499999999999545
897,1,13:00,514.72,15:30,514.46,stop,2024-03-19,-0.2599999999999909
898,1,14:30,517.685,16:00,520.52,close,2024-03-20,2.8350000000000364
905,-1,11:30,522.01,15:00,521.81,stop,2024-04-01,0.20000000000004547
906,-1,10:00,517.62,11:30,517.625,stop,2024-04-02,-0.0049999999999954525
907,1,10:30,520.42,15:00,519.75,stop,2024-04-03,-0.6699999999999591
908,-1,14:30,517.75,16:00,513.12,close,2024-04-04,4.6299999999999955
909,1,10:00,515.95,16:00,518.54,close,2024-04-05,2.589999999999918
911,-1,10:30,517.54,12:00,516.98,stop,2024-04-09,0.5599999999999454
911,-1,14:30,516.68,15:30,518.525,stop,2024-04-09,-1.8450000000000273
913,-1,10:30,512.75,11:00,513.215,stop,2024-04-11,-0.46500000000003183
913,1,13:30,517.65,16:00,518.05,close,2024-04-11,0.39999999999997726
914,-1,11:00,512.215,11:30,513.555,stop,2024-04-12,-1.3399999999999181
914,-1,12:30,512.01,16:00,510.88,close,2024-04-12,1.1299999999999955
915,-1,13:30,506.42,16:00,504.52,close,2024-04-15,1.900000000000034
917,-1,12:00,501.705,13:30,501.8,stop,2024-04-17,-0.09500000000002728
919,-1,12:00,497.26,14:00,497.16,stop,2024-04-19,0.0999999999999659
919,-1,14:30,495.63,16:00,495.185,close,2024-04-19,0.4449999999999932
920,1,14:00,501.48,15:30,500.46,stop,2024-04-22,-1.0200000000000387
921,1,10:00,503.12,15:30,505.24,stop,2024-04-23,2.1200000000000045
923,-1,10:00,498.17,10:30,499.62,stop,2024-04-25,-1.4499999999999886
924,1,10:00,507.97,11:30,508.35,stop,2024-04-26,0.37999999999999545
924,1,12:00,508.605,14:30,508.97,stop,2024-04-26,0.3650000000000091
925,1,10:00,509.32,10:30,508.325,stop,2024-04-30,-0.9950000000000045
925,-1,13:00,505.28,14:00,506.105,stop,2024-04-30,-0.8250000000000455
926,1,15:00,507.55,16:00,500.11,close,2024-05-01,-7.439999999999998
931,1,11:00,519.18,12:00,518.465,stop,2024-05-09,-0.7149999999999181
931,1,13:30,519.47,14:00,519.16,stop,2024-05-09,-0.3100000000000591
934,1,10:30,522.25,11:00,521.85,stop,2024-05-14,-0.39999999999997726
935,1,11:00,527.21,16:00,529.8,close,2024-05-15,2.589999999999918
936,1,11:00,531.44,11:30,531.16,stop,2024-05-16,-0.2800000000000864
937,1,10:00,531.15,12:30,530.78,stop,2024-05-20,-0.37000000000000455
937,1,13:00,531.2,13:30,530.31,stop,2024-05-20,-0.8900000000001
939,-1,10:00,529.865,10:30,530.47,stop,2024-05-23,-0.6050000000000182
939,-1,11:00,529.01,11:30,530.555,stop,2024-05-23,-1.544999999999959
939,-1,13:00,529.56,16:00,525.96,close,2024-05-23,3.599999999999909
943,-1,10:30,521.06,15:00,521.465,stop,2024-05-31,-0.4050000000000864
944,-1,12:00,525.33,12:30,526.005,stop,2024-06-04,-0.6749999999999545
945,1,12:30,532.12,16:00,534.65,close,2024-06-05,2.5299999999999727
947,1,13:00,536.3,14:00,535.84,stop,2024-06-07,-0.4599999999999227
949,1,10:00,542.68,11:00,543.03,stop,2024-06-12,0.35000000000002274
949,1,11:30,543.135,12:00,542.825,stop,2024-06-12,-0.30999999999994543
950,-1,12:30,539.715,13:00,540.74,stop,2024-06-13,-1.0249999999999773
952,1,12:30,545.46,16:00,547.05,close,2024-06-17,1.5899999999999181
954,-1,13:30,546.0,14:00,547.0,stop,2024-06-20,-1.0
955,-1,10:00,543.975,10:30,544.32,stop,2024-06-21,-0.3450000000000273
956,1,10:00,545.61,10:30,545.39,stop,2024-06-24,-0.22000000000002728
956,1,11:00,546.01,12:30,545.91,stop,2024-06-24,-0.10000000000002274
957,1,10:00,548.08,11:00,548.375,stop,2024-06-28,0.2949999999999591
959,1,12:30,558.97,16:00,561.24,close,2024-07-10,2.269999999999982
960,-1,10:30,559.75,16:00,556.42,close,2024-07-11,3.330000000000041
961,1,10:00,558.865,16:00,559.91,close,2024-07-12,1.044999999999959
962,1,11:00,563.615,12:00,563.715,stop,2024-07-15,0.10000000000002274
964,-1,12:30,557.315,13:00,557.94,stop,2024-07-17,-0.625
965,-1,11:30,553.79,16:00,552.8,close,2024-07-18,0.9900000000000091
966,-1,10:30,551.23,11:00,551.235,stop,2024-07-19,-0.0049999999999954525
966,-1,11:30,549.67,12:00,550.98,stop,2024-07-19,-1.3100000000000591
966,-1,12:30,550.07,15:30,549.97,stop,2024-07-19,0.10000000000002274
967,-1,10:00,546.72,16:00,541.21,close,2024-07-24,5.509999999999991
968,-1,10:00,539.69,10:30,540.58,stop,2024-07-25,-0.8899999999999864
968,1,11:00,542.79,11:30,543.135,stop,2024-07-25,0.3450000000000273
968,1,12:00,543.93,14:30,542.97,stop,2024-07-25,-0.9599999999999227
970,1,15:00,553.1,15:30,549.56,stop,2024-07-31,-3.5400000000000773
971,1,10:00,553.96,10:30,549.77,stop,2024-08-01,-4.190000000000055
971,-1,11:00,547.56,16:00,543.18,close,2024-08-01,4.3799999999999955
972,-1,10:00,534.165,12:00,532.24,stop,2024-08-02,1.9249999999999545
972,-1,13:00,531.56,14:30,531.74,stop,2024-08-02,-0.18000000000006366
972,-1,15:00,531.12,15:30,532.35,stop,2024-08-02,-1.2300000000000182
974,1,10:00,521.53,16:00,522.07,close,2024-08-06,0.5400000000000773
975,1,10:00,531.19,16:00,518.635,close,2024-08-07,-12.555000000000064
976,1,10:30,527.9,16:00,530.61,close,2024-08-08,2.7100000000000364
978,-1,10:00,531.41,16:00,533.29,close,2024-08-12,-1.8799999999999955
986,-1,12:00,557.76,12:30,559.675,stop,2024-08-22,-1.9149999999999636
986,-1,14:00,555.48,14:30,556.98,stop,2024-08-22,-1.5
986,-1,15:00,556.28,16:00,556.26,close,2024-08-22,0.01999999999998181
987,1,10:30,562.64,11:00,560.1,stop,2024-08-23,-2.5399999999999636
988,-1,12:00,559.75,12:30,561.18,stop,2024-08-26,-1.42999999999995
989,-1,11:30,558.29,13:00,558.555,stop,2024-08-28,-0.26499999999998636
989,-1,13:30,557.9,15:00,558.17,stop,2024-08-28,-0.2699999999999818
990,1,10:00,561.26,11:30,562.23,stop,2024-08-29,0.9700000000000273
990,1,12:00,562.445,13:30,562.44,stop,2024-08-29,-0.0049999999999954525
991,1,10:00,561.81,10:30,561.285,stop,2024-08-30,-0.5249999999999773
992,-1,10:00,559.09,16:00,552.16,close,2024-09-03,6.930000000000064
993,1,11:00,554.13,16:00,550.83,close,2024-09-04,-3.2999999999999545
994,1,10:00,552.205,11:30,547.95,reverse,2024-09-05,-4.2549999999999955
994,-1,11:30,547.95,16:00,549.44,close,2024-09-05,-1.490000000000009
995,-1,10:00,547.84,16:00,540.46,close,2024-09-06,7.3799999999999955
998,-1,10:00,544.22,11:30,542.46,stop,2024-09-11,1.759999999999991
998,1,15:00,551.53,16:00,554.23,close,2024-09-11,2.7000000000000455
999,1,13:30,557.9,16:00,559.06,close,2024-09-12,1.1599999999999682
1000,1,10:00,561.045,10:30,561.115,stop,2024-09-13,0.07000000000005002
1000,1,13:30,562.73,14:00,562.58,stop,2024-09-13,-0.14999999999997726
1011,-1,10:00,568.895,12:30,568.75,stop,2024-10-01,0.1449999999999818
1011,-1,13:00,568.34,14:00,569.295,stop,2024-10-01,-0.9549999999999272
1014,-1,14:30,569.31,16:00,567.8,close,2024-10-07,1.509999999999991
1015,1,11:00,571.86,16:00,573.19,close,2024-10-08,1.330000000000041
1016,1,11:00,574.96,16:00,577.07,close,2024-10-09,2.1100000000000136
1018,1,10:00,577.23,16:00,579.6,close,2024-10-11,2.3700000000000045
1019,1,10:00,583.44,16:00,584.31,close,2024-10-14,0.8699999999998909
1020,-1,11:00,581.92,16:00,579.92,close,2024-10-15,2.0
1023,-1,11:30,580.775,12:00,582.39,stop,2024-10-21,-1.615000000000009
1025,-1,11:30,578.86,12:00,579.7,stop,2024-10-23,-0.8400000000000318
1025,-1,12:30,577.95,16:00,578.04,close,2024-10-23,-0.08999999999991815
1027,1,10:00,583.48,11:30,582.51,stop,2024-10-25,-0.9700000000000273
1031,-1,10:00,573.71,16:00,568.46,close,2024-10-31,5.25
1032,1,10:00,573.18,16:00,571.03,close,2024-11-01,-2.1499999999999773
1033,-1,12:00,568.88,16:00,569.78,close,2024-11-04,-0.8999999999999773
1034,1,10:00,574.14,16:00,576.69,close,2024-11-05,2.550000000000068
1036,1,12:30,595.21,13:30,594.845,stop,2024-11-07,-0.3650000000000091
1036,1,15:00,595.95,16:00,595.75,close,2024-11-07,-0.20000000000004547
1037,1,14:00,599.015,15:30,598.3,stop,2024-11-08,-0.7150000000000318
1039,-1,12:00,596.455,14:00,597.405,stop,2024-11-12,-0.9499999999999318
1041,-1,12:30,594.77,16:00,593.42,close,2024-11-14,1.3500000000000227
1042,-1,10:30,586.77,16:00,585.74,close,2024-11-15,1.0299999999999727
1043,1,11:00,588.18,13:30,588.16,stop,2024-11-18,-0.01999999999998181
1043,1,14:00,588.345,14:30,587.29,stop,2024-11-18,-1.0550000000000637
1043,1,15:30,588.34,16:00,588.21,close,2024-11-18,-0.12999999999999545
1044,1,14:00,590.935,14:30,590.135,stop,2024-11-19,-0.7999999999999545
1045,-1,10:00,587.43,11:00,587.37,stop,2024-11-20,0.05999999999994543
1045,-1,11:30,585.925,12:00,588.36,stop,2024-11-20,-2.435000000000059
1045,-1,14:00,586.76,15:00,587.415,stop,2024-11-20,-0.6549999999999727
1046,-1,10:30,587.65,11:00,591.74,stop,2024-11-21,-4.090000000000032
1047,1,10:00,595.89,10:30,593.75,stop,2024-11-22,-2.1399999999999864
1047,1,11:00,595.83,11:30,594.53,stop,2024-11-22,-1.3000000000000682
1050,-1,11:30,598.32,13:00,598.34,stop,2024-11-27,-0.01999999999998181
1055,1,10:00,608.975,10:30,608.855,stop,2024-12-06,-0.12000000000000455
1056,-1,11:00,605.38,12:00,605.99,stop,2024-12-09,-0.6100000000000136
1056,-1,12:30,605.57,14:00,605.995,stop,2024-12-09,-0.4249999999999545
1056,-1,14:30,605.37,16:00,604.65,close,2024-12-09,0.7200000000000273
1057,-1,15:30,602.7,16:00,602.9,close,2024-12-10,-0.1999999999999318
1058,1,11:30,607.475,16:00,607.57,close,2024-12-11,0.09500000000002728
1059,-1,14:30,604.935,15:00,605.07,stop,2024-12-12,-0.1350000000001046
1059,-1,15:30,604.9,16:00,604.39,close,2024-12-12,0.5099999999999909
1060,-1,12:30,603.145,13:30,603.97,stop,2024-12-13,-0.8250000000000455
1061,1,13:30,607.71,15:30,607.56,stop,2024-12-16,-0.15000000000009095
1062,-1,10:30,603.31,11:00,603.935,stop,2024-12-17,-0.625
1063,1,10:00,604.6,13:30,605.32,stop,2024-12-18,0.7200000000000273
1063,1,14:00,604.48,14:30,600.1,reverse,2024-12-18,-4.3799999999999955
1063,-1,14:30,600.1,16:00,586.395,close,2024-12-18,13.705000000000041
1065,1,10:30,586.98,16:00,590.93,close,2024-12-20,3.949999999999932
1067,-1,10:00,585.07,11:00,586.945,stop,2024-12-30,-1.875
1068,-1,13:30,584.98,15:00,586.14,stop,2024-12-31,-1.1599999999999682
1069,1,10:00,590.5,10:30,587.7,stop,2025-01-02,-2.7999999999999545
1069,-1,13:00,582.73,15:30,584.64,stop,2025-01-02,-1.9099999999999682
1070,1,12:00,590.57,12:30,590.19,stop,2025-01-03,-0.37999999999999545
1070,1,13:30,591.5,16:00,591.94,close,2025-01-03,0.44000000000005457
1071,1,10:00,597.89,12:30,598.48,stop,2025-01-06,0.5900000000000318
1072,-1,11:00,593.46,13:30,592.18,stop,2025-01-07,1.2800000000000864
1072,-1,14:00,590.97,16:00,588.73,close,2025-01-07,2.240000000000009
1073,-1,10:00,587.18,11:00,588.38,stop,2025-01-08,-1.2000000000000455
1074,-1,10:00,582.68,13:00,581.49,stop,2025-01-10,1.1899999999999409
1074,-1,15:30,580.295,16:00,580.49,close,2025-01-10,-0.19500000000005002
1077,1,10:00,591.91,10:30,592.53,stop,2025-01-15,0.6200000000000045
1085,1,10:30,602.53,11:30,601.39,stop,2025-01-28,-1.1399999999999864
1085,1,12:30,603.82,16:00,604.5,close,2025-01-28,0.67999999999995
1086,-1,14:30,599.27,15:00,602.3,stop,2025-01-29,-3.0299999999999727
1088,1,10:30,608.96,12:00,608.9,stop,2025-01-31,-0.06000000000005912
1088,-1,15:30,601.73,16:00,601.785,close,2025-01-31,-0.05499999999994998
1090,1,10:00,599.11,12:30,599.67,stop,2025-02-04,0.5599999999999454
1090,1,13:00,600.98,16:00,601.74,close,2025-02-04,0.7599999999999909
1093,-1,11:00,603.53,16:00,600.825,close,2025-02-07,2.7049999999999272
1097,1,11:00,607.16,12:00,606.07,stop,2025-02-13,-1.0899999999999181
1097,1,14:00,607.115,16:00,609.69,close,2025-02-13,2.5750000000000455
1101,-1,10:00,608.38,12:30,608.76,stop,2025-02-20,-0.37999999999999545
1101,-1,13:00,608.0,14:00,608.57,stop,2025-02-20,-0.57000000000005
1102,-1,10:00,607.935,16:00,600.02,close,2025-02-21,7.914999999999964
1103,-1,10:00,598.715,11:30,600.25,stop,2025-02-24,-1.5349999999999682
1104,-1,10:00,595.25,12:00,593.1,stop,2025-02-25,2.1499999999999773
1104,-1,14:30,593.34,15:00,595.28,stop,2025-02-25,-1.9399999999999409
1105,1,10:00,597.82,12:00,597.945,stop,2025-02-26,0.125
1105,1,12:30,598.65,13:00,595.55,stop,2025-02-26,-3.1000000000000227
1106,-1,10:00,592.38,10:30,595.58,stop,2025-02-27,-3.2000000000000455
1106,-1,14:30,590.7,16:00,585.03,close,2025-02-27,5.670000000000073
1107,1,10:30,588.08,16:00,593.895,close,2025-02-28,5.814999999999941
1108,-1,13:30,588.07,16:00,583.94,close,2025-03-03,4.1299999999999955
1109,-1,10:00,575.65,16:00,576.88,close,2025-03-04,-1.2300000000000182
1110,1,13:00,580.725,16:00,583.02,close,2025-03-05,2.294999999999959
1111,-1,12:30,572.51,16:00,572.73,close,2025-03-06,-0.22000000000002728
1112,-1,11:30,567.745,14:30,576.55,reverse,2025-03-07,-8.80499999999995
1112,1,14:30,576.55,16:00,575.76,close,2025-03-07,-0.7899999999999636
1113,-1,10:30,556.1,16:00,556.08,close,2025-03-11,0.01999999999998181
1115,-1,10:00,554.925,16:00,551.6,close,2025-03-13,3.324999999999932
1116,1,11:00,560.3,16:00,562.78,close,2025-03-14,2.480000000000018
1117,1,10:00,565.68,16:00,567.02,close,2025-03-17,1.3400000000000318
1118,-1,10:00,560.64,16:00,560.92,close,2025-03-18,-0.2799999999999727
1119,1,12:30,565.54,16:00,567.0,close,2025-03-19,1.4600000000000364
1120,1,10:30,569.48,11:00,569.52,stop,2025-03-20,0.03999999999996362
1124,-1,11:30,572.54,16:00,568.75,close,2025-03-26,3.7899999999999636
1126,-1,10:30,559.6,16:00,555.7,close,2025-03-28,3.8999999999999773
1128,-1,10:30,555.05,16:00,561.1,close,2025-04-01,-6.050000000000068
1129,1,13:00,565.69,16:00,564.63,close,2025-04-02,-1.0600000000000591
1130,-1,11:00,540.075,16:00,537.3,close,2025-04-03,2.775000000000091
1131,-1,10:30,516.265,16:00,505.93,close,2025-04-04,10.33499999999998
1133,-1,15:30,497.435,16:00,496.6,close,2025-04-08,0.8349999999999795
1134,1,10:00,500.515,16:00,542.955,close,2025-04-09,42.440000000000055
1135,-1,10:00,529.85,16:00,524.63,close,2025-04-10,5.220000000000027
1136,1,13:00,531.76,16:00,534.0,close,2025-04-11,2.240000000000009
1141,-1,10:00,517.44,16:00,513.96,close,2025-04-21,3.480000000000018
1142,1,11:30,524.96,16:00,526.95,close,2025-04-22,1.990000000000009
1143,1,10:00,543.595,16:00,535.29,close,2025-04-23,-8.305000000000064
1144,1,10:00,539.4,16:00,546.44,close,2025-04-24,7.040000000000077
1148,-1,10:00,542.07,16:00,554.02,close,2025-04-30,-11.949999999999932
1149,1,11:00,563.39,16:00,558.4,close,2025-05-01,-4.990000000000009
1154,1,13:00,570.05,16:00,564.97,close,2025-05-08,-5.079999999999927
1157,1,10:30,586.85,16:00,586.76,close,2025-05-13,-0.09000000000003183
1159,1,13:00,590.165,14:30,589.62,stop,2025-05-15,-0.5449999999999591
1160,1,15:30,593.86,16:00,594.28,close,2025-05-16,0.4199999999999591
1163,-1,13:30,584.62,16:00,582.96,close,2025-05-21,1.6599999999999682
1164,1,10:00,584.35,16:00,583.06,close,2025-05-22,-1.2900000000000773
1166,1,10:30,587.88,16:00,591.06,close,2025-05-27,3.17999999999995
1167,-1,11:00,589.32,11:30,589.36,stop,2025-05-28,-0.03999999999996362
1169,-1,10:00,587.43,10:30,589.55,stop,2025-05-30,-2.1200000000000045
1169,-1,12:30,585.05,13:30,585.91,stop,2025-05-30,-0.8600000000000136
1169,-1,14:00,585.96,14:30,588.31,stop,2025-05-30,-2.349999999999909
1171,1,11:00,594.38,15:30,596.19,stop,2025-06-03,1.8100000000000591
1173,-1,10:00,594.28,10:30,596.18,stop,2025-06-05,-1.8999999999999773
1173,-1,15:30,592.48,16:00,593.08,close,2025-06-05,-0.6000000000000227
1174,1,10:00,600.35,10:30,599.14,stop,2025-06-06,-1.2100000000000364
1179,-1,10:30,596.8,11:00,599.215,stop,2025-06-13,-2.4150000000000773
1180,1,10:00,603.06,16:00,602.705,close,2025-06-16,-0.3549999999999045
1181,-1,14:00,597.92,15:00,598.15,stop,2025-06-17,-0.2300000000000182
1182,1,10:30,600.81,16:00,597.52,close,2025-06-18,-3.2899999999999636
1183,-1,10:30,596.07,16:00,594.18,close,2025-06-20,1.8900000000001
1184,1,10:00,596.83,16:00,600.08,close,2025-06-23,3.25
1185,1,11:30,605.81,12:00,605.78,stop,2025-06-24,-0.029999999999972715
1185,1,12:30,606.52,16:00,606.75,close,2025-06-24,0.2300000000000182
1187,1,11:00,610.37,11:30,610.08,stop,2025-06-26,-0.2899999999999636
1187,1,12:00,610.53,15:30,611.58,stop,2025-06-26,1.0500000000000682
1188,1,10:00,614.48,14:00,614.095,stop,2025-06-27,-0.3849999999999909
1191,1,13:00,619.62,13:30,619.47,stop,2025-07-02,-0.14999999999997726
1192,-1,14:30,617.9,15:00,620.14,stop,2025-07-07,-2.240000000000009
1194,1,10:00,624.24,10:30,623.21,stop,2025-07-09,-1.0299999999999727
1195,1,12:00,625.69,12:30,625.58,stop,2025-07-10,-0.11000000000001364
1195,1,13:30,626.12,15:00,626.24,stop,2025-07-10,0.12000000000000455
1200,1,10:00,625.765,16:00,627.98,close,2025-07-17,2.215000000000032
1202,1,10:00,630.805,15:00,630.39,stop,2025-07-21,-0.4149999999999636
1203,-1,10:00,626.705,11:00,627.955,stop,2025-07-22,-1.25
1206,1,12:30,636.74,16:00,637.02,close,2025-07-25,0.2799999999999727
1208,-1,11:30,635.27,12:00,635.87,stop,2025-07-29,-0.6000000000000227
1208,-1,15:30,635.13,16:00,635.26,close,2025-07-29,-0.12999999999999545
1209,-1,15:00,632.82,16:00,634.56,close,2025-07-30,-1.7399999999998954
1211,-1,10:00,621.39,10:30,623.4,stop,2025-08-01,-2.009999999999991
1211,-1,11:00,621.97,12:00,623.905,stop,2025-08-01,-1.9349999999999454
1211,-1,13:00,621.35,16:00,621.74,close,2025-08-01,-0.38999999999998636
1212,1,10:00,629.14,16:00,631.07,close,2025-08-04,1.9300000000000637
1213,-1,11:00,627.68,13:30,629.715,stop,2025-08-05,-2.035000000000082
1213,-1,15:00,628.42,15:30,628.99,stop,2025-08-05,-0.57000000000005
1214,1,11:30,631.895,16:00,632.7,close,2025-08-06,0.8050000000000637
1215,-1,13:30,630.08,14:00,630.84,stop,2025-08-07,-0.7599999999999909
1215,-1,14:30,629.71,15:00,630.6,stop,2025-08-07,-0.8899999999999864
1216,1,10:00,635.88,11:00,635.81,stop,2025-08-08,-0.07000000000005002
1216,1,12:00,636.335,13:30,636.4,stop,2025-08-08,0.06499999999994088
1216,1,14:00,637.245,16:00,637.26,close,2025-08-08,0.014999999999986358
1218,1,12:00,641.135,16:00,642.63,close,2025-08-12,1.4950000000000045
1223,-1,12:00,640.73,16:00,639.75,close,2025-08-19,0.9800000000000182
1224,-1,10:00,635.29,11:30,636.33,stop,2025-08-20,-1.0400000000000773
1224,-1,12:00,635.16,12:30,637.43,stop,2025-08-20,-2.269999999999982
1224,-1,14:30,635.82,15:00,636.81,stop,2025-08-20,-0.9899999999998954
1226,1,10:30,644.29,16:00,645.31,close,2025-08-22,1.0199999999999818
1231,-1,10:00,645.57,16:00,645.0,close,2025-08-29,0.57000000000005
1232,-1,12:00,635.39,12:30,635.665,stop,2025-09-02,-0.27499999999997726
1234,1,11:30,646.22,12:00,646.175,stop,2025-09-04,-0.04500000000007276
1234,1,13:30,646.9,16:00,649.02,close,2025-09-04,2.1200000000000045
1235,-1,10:30,646.515,15:30,647.135,stop,2025-09-05,-0.6200000000000045
1239,1,10:00,655.595,16:00,657.55,close,2025-09-11,1.9549999999999272
1241,1,10:00,660.68,10:30,660.68,stop,2025-09-15,0.0
1243,-1,13:00,658.32,13:30,658.66,stop,2025-09-17,-0.33999999999991815
1243,-1,15:00,657.65,15:30,660.105,stop,2025-09-17,-2.455000000000041
1244,1,10:30,664.44,11:00,662.8,stop,2025-09-18,-1.6400000000001
1244,1,13:00,664.02,13:30,663.38,stop,2025-09-18,-0.6399999999999864
1246,1,11:00,664.98,11:30,664.93,stop,2025-09-22,-0.05000000000006821
1246,1,12:30,665.88,16:00,666.8,close,2025-09-22,0.9199999999999591
1247,-1,13:30,663.61,16:00,663.26,close,2025-09-23,0.35000000000002274
1248,-1,12:00,660.39,15:00,661.09,stop,2025-09-24,-0.7000000000000455
1248,-1,15:30,660.8,16:00,661.07,close,2025-09-24,-0.2700000000000955
1249,-1,10:00,655.78,10:30,658.52,stop,2025-09-25,-2.740000000000009
1249,-1,14:00,655.615,14:30,656.99,stop,2025-09-25,-1.375
1250,1,10:00,661.84,10:30,658.6,stop,2025-09-26,-3.240000000000009
1250,1,13:00,661.305,16:00,661.775,close,2025-09-26,0.4700000000000273
1253,1,13:30,667.99,16:00,668.535,close,2025-10-01,0.5449999999999591
1255,1,10:30,671.37,13:30,670.29,stop,2025-10-03,-1.080000000000041
1257,-1,11:30,669.235,16:00,669.14,close,2025-10-07,0.09500000000002728
1258,1,10:30,671.905,15:00,672.24,stop,2025-10-08,0.3350000000000364
1258,1,15:30,672.86,16:00,673.06,close,2025-10-08,0.1999999999999318
1259,-1,10:00,671.83,12:00,671.34,stop,2025-10-09,0.4900000000000091
1259,-1,12:30,670.93,15:30,670.48,stop,2025-10-09,0.4499999999999318
1260,-1,11:00,669.135,16:00,653.275,close,2025-10-10,15.860000000000014
1261,1,10:00,662.83,16:00,663.065,close,2025-10-13,0.23500000000001364
1263,1,10:00,668.38,16:00,665.08,close,2025-10-15,-3.2999999999999545
1264,-1,14:30,658.79,16:00,660.79,close,2025-10-16,-2.0
1265,1,10:30,662.38,16:00,664.3,close,2025-10-17,1.919999999999959
1266,1,10:00,668.76,16:00,671.27,close,2025-10-20,2.509999999999991
1268,-1,10:30,669.42,11:00,670.02,stop,2025-10-22,-0.6000000000000227
1268,-1,11:30,667.92,12:00,668.97,stop,2025-10-22,-1.0500000000000682
1268,-1,12:30,667.605,15:30,667.47,stop,2025-10-22,0.1349999999999909
1269,1,10:00,670.09,10:30,669.37,stop,2025-10-23,-0.7200000000000273
1269,1,11:00,670.21,11:30,670.065,stop,2025-10-23,-0.1449999999999818
1269,1,14:00,672.41,14:30,672.475,stop,2025-10-23,0.06500000000005457
1269,1,15:00,672.62,16:00,671.525,close,2025-10-23,-1.0950000000000273
1276,-1,10:30,680.36,11:00,682.36,stop,2025-11-03,-2.0
1278,1,10:00,677.04,16:00,677.49,close,2025-11-05,0.4500000000000455
1279,-1,10:00,674.09,14:30,673.35,stop,2025-11-06,0.7400000000000091
1279,-1,15:30,672.38,16:00,670.24,close,2025-11-06,2.1399999999999864
1280,-1,11:00,663.33,13:30,665.275,stop,2025-11-07,-1.9449999999999363
1281,1,14:00,679.86,16:00,681.31,close,2025-11-10,1.4499999999999318
1284,-1,10:00,678.75,10:30,678.93,stop,2025-11-13,-0.17999999999994998
1284,-1,11:00,676.39,16:00,672.07,close,2025-11-13,4.319999999999936
1285,1,12:00,674.69,13:00,673.88,stop,2025-11-14,-0.8100000000000591
1286,-1,14:30,665.765,16:00,665.72,close,2025-11-17,0.04499999999995907
1287,-1,10:00,658.54,16:00,660.16,close,2025-11-18,-1.6200000000000045
1288,1,10:00,665.73,16:00,662.68,close,2025-11-19,-3.050000000000068
1289,-1,12:30,658.52,16:00,652.42,close,2025-11-20,6.100000000000023
1290,1,12:00,660.74,16:00,659.15,close,2025-11-21,-1.5900000000000318
1291,1,10:30,665.565,16:00,668.82,close,2025-11-24,3.2549999999999955
1292,1,13:30,674.04,16:00,675.0,close,2025-11-25,0.9600000000000364
1298,1,10:30,687.87,11:00,686.83,stop,2025-12-05,-1.0399999999999636
1301,1,15:00,688.15,16:00,687.59,close,2025-12-10,-0.5599999999999454
1302,-1,10:00,682.64,10:30,686.205,stop,2025-12-11,-3.5650000000000546
1303,-1,10:30,683.7,13:30,683.75,stop,2025-12-12,-0.049999999999954525
1303,-1,14:00,682.56,16:00,681.8,close,2025-12-12,0.7599999999999909
1304,-1,10:30,679.7,11:00,681.18,stop,2025-12-15,-1.4799999999999045
1305,-1,13:00,675.58,14:00,677.76,stop,2025-12-16,-2.17999999999995
1306,-1,11:00,674.44,16:00,671.43,close,2025-12-17,3.0100000000001046
1307,1,11:00,679.95,11:30,679.75,stop,2025-12-18,-0.20000000000004547
1308,1,10:00,680.02,16:00,680.52,close,2025-12-19,0.5
1310,1,13:30,687.565,15:00,687.84,stop,2025-12-23,0.27499999999997726
1310,1,15:30,687.84,16:00,687.91,close,2025-12-23,0.06999999999993634
1314,-1,11:00,684.32,11:30,685.115,stop,2025-12-31,-0.7949999999999591
1314,-1,15:30,682.67,16:00,681.82,close,2025-12-31,0.849999999999909
1316,1,10:30,688.61,11:00,688.31,stop,2026-01-05,-0.3000000000000682
1317,1,10:00,690.115,11:00,689.07,stop,2026-01-06,-1.044999999999959
1317,1,13:00,690.97,16:00,691.81,close,2026-01-06,0.8399999999999181
1320,1,10:00,691.58,11:00,691.96,stop,2026-01-09,0.37999999999999545
1320,1,11:30,692.82,16:00,694.005,close,2026-01-09,1.1849999999999454
1322,-1,10:30,692.75,11:00,693.74,stop,2026-01-13,-0.9900000000000091
1322,-1,13:30,692.9,16:00,693.71,close,2026-01-13,-0.8100000000000591
1323,-1,10:00,688.24,11:30,689.16,stop,2026-01-14,-0.9199999999999591
1323,-1,12:00,686.55,14:00,688.05,stop,2026-01-14,-1.5
1326,-1,14:00,678.835,16:00,677.66,close,2026-01-20,1.1750000000000682
1327,1,10:00,682.59,16:00,685.34,close,2026-01-21,2.75
1330,1,10:00,692.22,16:00,692.755,close,2026-01-26,0.5349999999999682
1331,1,11:30,696.19,13:00,695.44,stop,2026-01-27,-0.75
1333,-1,10:00,691.535,12:30,690.985,stop,2026-01-29,0.5499999999999545
1333,-1,13:00,689.03,13:30,690.94,stop,2026-01-29,-1.9100000000000819
1334,-1,13:00,689.09,14:00,691.36,stop,2026-01-30,-2.269999999999982
1335,1,10:30,694.695,16:00,695.39,close,2026-02-02,0.6949999999999363
1336,-1,10:00,693.405,11:00,693.17,stop,2026-02-03,0.23500000000001364
1336,-1,11:30,690.82,16:00,689.435,close,2026-02-03,1.3850000000001046
1337,-1,12:00,686.51,15:00,688.24,stop,2026-02-04,-1.7300000000000182
1338,-1,10:30,676.74,11:30,679.72,stop,2026-02-05,-2.980000000000018
1339,1,10:00,684.82,16:00,690.72,close,2026-02-06,5.899999999999977
1340,1,11:00,694.255,16:00,694.0,close,2026-02-09,-0.25499999999999545
1343,-1,11:30,683.6,16:00,681.19,close,2026-02-12,2.409999999999968
1345,-1,10:00,676.42,16:00,682.76,close,2026-02-17,-6.340000000000032
1346,1,10:00,686.205,16:00,686.19,close,2026-02-18,-0.014999999999986358
1348,1,11:00,688.81,16:00,689.44,close,2026-02-20,0.6300000000001091
1349,-1,10:30,684.51,13:30,683.6,stop,2026-02-23,0.9099999999999682
1349,-1,14:00,682.07,16:00,682.39,close,2026-02-23,-0.31999999999993634
1350,1,10:30,686.33,16:00,687.37,close,2026-02-24,1.0399999999999636
1352,-1,10:00,690.7,11:30,688.7,stop,2026-02-26,2.0
1352,-1,12:00,686.24,14:30,688.635,stop,2026-02-26,-2.394999999999982
1355,-1,10:00,672.34,16:00,680.29,close,2026-03-03,-7.949999999999932
1356,1,10:30,686.24,16:00,685.13,close,2026-03-04,-1.1100000000000136
1357,-1,13:00,676.335,16:00,681.405,close,2026-03-05,-5.069999999999936
1358,-1,10:00,670.94,16:00,672.44,close,2026-03-06,-1.5
1359,-1,10:00,664.06,15:30,677.37,reverse,2026-03-09,-13.31000000000006
1359,1,15:30,677.37,16:00,678.3,close,2026-03-09,0.92999999999995
1360,1,13:30,683.21,16:00,677.13,close,2026-03-10,-6.080000000000041
1362,-1,10:00,668.83,16:00,666.05,close,2026-03-12,2.7800000000000864
1364,1,10:00,670.69,16:00,668.97,close,2026-03-16,-1.7200000000000273
1366,-1,15:00,663.42,16:00,661.54,close,2026-03-18,1.8799999999999955
1368,-1,10:00,653.09,16:00,648.48,close,2026-03-20,4.610000000000014
1369,1,10:00,660.2,16:00,655.37,close,2026-03-23,-4.830000000000041
1372,-1,12:30,649.39,16:00,645.11,close,2026-03-26,4.279999999999973
1373,-1,10:00,639.01,16:00,634.04,close,2026-03-27,4.970000000000027
1374,-1,15:30,629.655,16:00,632.02,close,2026-03-30,-2.365000000000009
1375,1,10:00,642.66,16:00,650.12,close,2026-03-31,7.460000000000036
1376,1,11:00,656.43,16:00,655.18,close,2026-04-01,-1.25
1378,1,10:00,658.025,16:00,658.885,close,2026-04-06,0.8600000000000136
1379,-1,10:00,654.02,16:00,659.23,close,2026-04-07,-5.210000000000036
1381,1,12:00,678.84,16:00,679.87,close,2026-04-09,1.0299999999999727
1384,1,10:30,690.99,16:00,694.36,close,2026-04-14,3.3700000000000045
1387,1,10:30,709.26,13:30,709.88,stop,2026-04-17,0.6200000000000045
1387,1,14:00,710.335,14:30,709.865,stop,2026-04-17,-0.4700000000000273
1389,-1,13:30,704.66,14:00,705.795,stop,2026-04-21,-1.134999999999991
1389,-1,14:30,705.095,15:00,706.37,stop,2026-04-21,-1.2749999999999773
1392,1,12:00,713.77,13:30,712.965,stop,2026-04-24,-0.80499999999995
1392,1,14:00,713.695,14:30,713.03,stop,2026-04-24,-0.6650000000000773
1392,1,15:30,713.7,16:00,713.97,close,2026-04-24,0.2699999999999818
1396,1,14:30,717.9,16:00,718.41,close,2026-04-30,0.5099999999999909
1397,1,10:00,724.19,11:00,722.66,stop,2026-05-01,-1.5300000000000864
1397,1,11:30,723.295,12:30,722.11,stop,2026-05-01,-1.1849999999999454
1398,-1,12:00,717.54,13:30,718.54,stop,2026-05-04,-1.0
1398,-1,14:30,717.81,16:00,718.09,close,2026-05-04,-0.2800000000000864
1399,1,10:30,723.32,11:00,723.14,stop,2026-05-05,-0.18000000000006366
1399,1,11:30,723.49,12:00,723.14,stop,2026-05-05,-0.35000000000002274
1399,1,13:30,723.85,16:00,723.75,close,2026-05-05,-0.10000000000002274
1400,1,10:00,729.68,16:00,733.77,close,2026-05-06,4.090000000000032
1401,-1,13:30,730.66,14:00,731.77,stop,2026-05-07,-1.1100000000000136
1401,-1,14:30,731.29,16:00,731.53,close,2026-05-07,-0.2400000000000091
1402,1,10:00,736.665,15:00,736.37,stop,2026-05-08,-0.2949999999999591
1403,1,11:00,739.67,13:00,739.5,stop,2026-05-11,-0.16999999999995907
1403,1,14:00,740.19,15:00,738.59,stop,2026-05-11,-1.6000000000000227
1404,-1,10:00,735.205,13:30,734.315,stop,2026-05-12,0.8899999999999864
1405,1,12:30,741.73,16:00,742.3,close,2026-05-13,0.5699999999999363
1406,1,10:30,746.02,13:30,746.92,stop,2026-05-14,0.8999999999999773
1406,1,14:00,747.705,16:00,748.1,close,2026-05-14,0.3949999999999818
1407,-1,10:00,739.35,10:30,741.14,stop,2026-05-15,-1.7899999999999636
1408,-1,11:30,735.62,13:30,737.375,stop,2026-05-18,-1.7549999999999955
1408,-1,14:30,734.76,16:00,738.4,close,2026-05-18,-3.6399999999999864
1409,-1,10:30,732.51,11:00,733.165,stop,2026-05-19,-0.6549999999999727
1409,-1,11:30,732.17,12:00,733.04,stop,2026-05-19,-0.8700000000000045
1410,1,10:30,737.97,16:00,741.31,close,2026-05-20,3.339999999999918
1412,1,10:00,747.55,10:30,745.7,stop,2026-05-22,-1.849999999999909
1413,1,10:30,751.545,11:00,751.43,stop,2026-05-26,-0.1150000000000091
1415,1,10:30,752.76,16:00,754.68,close,2026-05-28,1.919999999999959
1416,1,10:00,757.8,10:30,756.62,stop,2026-05-29,-1.17999999999995
1417,1,14:00,759.53,16:00,758.44,close,2026-06-01,-1.0899999999999181
1419,-1,10:00,755.95,10:30,756.77,stop,2026-06-03,-0.8199999999999363
1419,-1,11:00,756.175,14:00,755.57,stop,2026-06-03,0.6049999999999045
1419,-1,15:00,755.585,16:00,754.18,close,2026-06-03,1.4050000000000864
1420,1,12:30,756.51,16:00,756.97,close,2026-06-04,0.4600000000000364
1421,-1,10:00,748.76,16:00,737.45,close,2026-06-05,11.309999999999945
1422,1,11:00,745.0,16:00,739.235,close,2026-06-08,-5.764999999999986
1423,-1,11:30,731.01,14:30,735.055,stop,2026-06-09,-4.044999999999959
1424,-1,14:30,729.56,16:00,725.58,close,2026-06-10,3.9799999999999045
1425,1,14:00,734.94,16:00,737.67,close,2026-06-11,2.7299999999999045
1426,1,11:30,744.04,12:00,738.89,stop,2026-06-12,-5.149999999999977
1427,1,10:00,753.32,14:00,755.32,stop,2026-06-15,2.0
1429,-1,14:30,746.21,16:00,741.1,close,2026-06-17,5.110000000000014
1431,1,10:00,749.89,10:30,746.5,stop,2026-06-22,-3.3899999999999864
1431,-1,11:00,744.6,11:30,744.47,stop,2026-06-22,0.12999999999999545
1433,1,11:00,739.71,12:30,738.09,stop,2026-06-24,-1.6200000000000045
1434,-1,10:00,729.88,10:30,735.495,stop,2026-06-25,-5.615000000000009
1436,1,14:00,740.44,15:30,740.88,stop,2026-06-29,0.4399999999999409
1437,1,10:00,743.85,11:00,743.32,stop,2026-06-30,-0.5299999999999727
1437,1,11:30,745.255,16:00,746.65,close,2026-06-30,1.3949999999999818
1439,1,10:00,750.78,10:30,748.04,stop,2026-07-02,-2.740000000000009
1439,-1,13:00,742.2,15:00,742.98,stop,2026-07-02,-0.7799999999999727
1440,1,14:30,751.34,16:00,751.27,close,2026-07-06,-0.07000000000005002
1441,-1,10:30,746.67,12:00,747.37,stop,2026-07-07,-0.7000000000000455
1442,-1,11:30,739.99,12:00,740.63,stop,2026-07-08,-0.6399999999999864
1443,1,12:30,750.7,15:30,751.09,stop,2026-07-09,0.38999999999998636
1445,-1,14:30,749.15,15:00,749.51,stop,2026-07-13,-0.36000000000001364
1445,-1,15:30,748.37,16:00,749.13,close,2026-07-13,-0.7599999999999909
1448,-1,15:30,749.04,16:00,750.87,close,2026-07-16,-1.830000000000041
1451,1,12:30,748.615,13:00,748.72,stop,2026-07-21,0.10500000000001819
1453,-1,11:30,735.91,12:00,737.845,stop,2026-07-23,-1.9350000000000591
1454,1,11:00,740.6,14:30,739.05,stop,2026-07-24,-1.5500000000000682
1455,-1,13:30,736.22,14:00,737.94,stop,2026-07-27,-1.7200000000000273
1456,-1,10:00,736.49,10:30,737.77,stop,2026-07-28,-1.2799999999999727
1456,1,12:00,742.215,12:30,741.2,stop,2026-07-28,-1.0149999999999864
1456,1,13:00,742.48,13:30,741.275,stop,2026-07-28,-1.205000000000041
1456,1,15:30,741.685,16:00,740.795,close,2026-07-28,-0.8899999999999864
1457,-1,10:00,737.43,13:30,735.75,stop,2026-07-29,1.67999999999995
1457,-1,15:30,735.19,16:00,729.57,close,2026-07-29,5.6200000000000045
1458,1,10:00,738.62,16:00,741.63,close,2026-07-30,3.009999999999991
1459,1,15:30,747.485,16:00,746.79,close,2026-07-31,-0.69500000000005
1460,1,10:00,753.45,16:00,757.72,close,2026-08-03,4.269999999999982
1461,1,10:00,763.38,16:00,771.11,close,2026-08-04,7.730000000000018
1466,-1,14:30,769.545,15:00,770.09,stop,2026-08-11,-0.5450000000000728
1468,1,10:00,777.61,11:30,776.175,stop,2026-08-13,-1.4350000000000591
1475,-1,10:30,762.915,11:00,763.69,stop,2026-08-24,-0.775000000000091
1477,1,10:00,766.62,10:30,765.04,stop,2026-08-26,-1.580000000000041
1478,1,11:00,770.4,14:30,769.45,stop,2026-08-27,-0.9499999999999318
1479,1,11:00,774.95,12:00,771.085,stop,2026-08-28,-3.865000000000009
1479,-1,12:30,769.6,14:00,769.6,stop,2026-08-28,-0.0
1479,-1,14:30,769.05,15:30,769.49,stop,2026-08-28,-0.44000000000005457
1480,-1,10:00,766.24,11:00,765.92,stop,2026-08-31,0.32000000000005
1480,-1,11:30,765.95,13:00,765.76,stop,2026-08-31,0.19000000000005457
1480,-1,13:30,765.43,14:00,766.48,stop,2026-08-31,-1.0500000000000682
1482,1,10:30,765.24,16:00,765.13,close,2026-09-02,-0.11000000000001364
1483,1,10:00,769.53,10:30,768.59,stop,2026-09-03,-0.9399999999999409
1483,1,11:30,772.96,16:00,773.22,close,2026-09-03,0.2599999999999909
1484,-1,11:00,769.46,13:00,770.925,stop,2026-09-04,-1.4649999999999181
1484,-1,13:30,769.83,15:00,770.2,stop,2026-09-04,-0.37000000000000455
1484,-1,15:30,769.985,16:00,770.18,close,2026-09-04,-0.19499999999993634
1485,-1,10:00,767.45,11:00,767.67,stop,2026-09-08,-0.2199999999999136
1485,-1,12:00,767.335,13:30,767.51,stop,2026-09-08,-0.17499999999995453
1485,-1,15:00,766.82,16:00,766.06,close,2026-09-08,0.7600000000001046
1486,-1,11:30,761.61,13:30,762.91,stop,2026-09-09,-1.2999999999999545
1487,-1,10:00,756.82,10:30,758.72,stop,2026-09-10,-1.8999999999999773
1488,1,10:00,766.24,11:00,763.965,stop,2026-09-11,-2.2749999999999773
1490,-1,10:30,757.48,16:00,757.42,close,2026-09-15,0.06000000000005912
1491,-1,15:00,753.92,16:00,754.05,close,2026-09-16,-0.12999999999999545
1493,-1,10:00,759.705,11:00,759.96,stop,2026-09-18,-0.25499999999999545
1493,-1,12:00,759.005,13:30,759.38,stop,2026-09-18,-0.375
1494,1,10:00,767.685,16:00,773.52,close,2026-09-21,5.835000000000036
1496,-1,10:00,770.68,11:00,770.26,stop,2026-09-23,0.4199999999999591
1496,-1,11:30,769.01,16:00,767.93,close,2026-09-23,1.080000000000041
1498,1,12:30,771.59,13:00,770.46,stop,2026-09-25,-1.1299999999999955
1498,1,13:30,771.28,15:00,770.705,stop,2026-09-25,-0.5749999999999318
1499,-1,11:00,764.165,12:30,768.635,stop,2026-09-28,-4.470000000000027
1500,-1,11:30,762.97,12:30,763.34,stop,2026-09-29,-0.37000000000000455
1500,-1,13:00,762.965,14:30,763.91,stop,2026-09-29,-0.9449999999999363
1501,1,10:00,768.01,10:30,767.85,stop,2026-09-30,-0.15999999999996817
1501,1,11:00,768.55,12:30,768.055,stop,2026-09-30,-0.49500000000000455
1502,-1,10:30,760.29,11:30,760.415,stop,2026-10-01,-0.125
